,date,d7_ago,d28_ago
0,2018-06-01 00:00:00,2018-05-25 00:00:00,2018-05-04 00:00:00
1,2018-05-31 00:00:00,2018-05-24 00:00:00,2018-05-03 00:00:00
2,2018-05-30 00:00:00,2018-05-23 00:00:00,2018-05-02 00:00:00
3,2018-05-29 00:00:00,2018-05-22 00:00:00,2018-05-01 00:00:00
4,2018-05-28 00:00:00,2018-05-21 00:00:00,2018-04-30 00:00:00
5,2018-05-27 00:00:00,2018-05-20 00:00:00,2018-04-29 00:00:00
6,2018-05-26 00:00:00,2018-05-19 00:00:00,2018-04-28 00:00:00
7,2018-05-25 00:00:00,2018-05-18 00:00:00,2018-04-27 00:00:00
8,2018-05-24 00:00:00,2018-05-17 00:00:00,2018-04-26 00:00:00
9,2018-05-23 00:00:00,2018-05-16 00:00:00,2018-04-25 00:00:00
10,2018-05-22 00:00:00,2018-05-15 00:00:00,2018-04-24 00:00:00
11,2018-05-21 00:00:00,2018-05-14 00:00:00,2018-04-23 00:00:00
12,2018-05-20 00:00:00,2018-05-13 00:00:00,2018-04-22 00:00:00
13,2018-05-19 00:00:00,2018-05-12 00:00:00,2018-04-21 00:00:00
14,2018-05-18 00:00:00,2018-05-11 00:00:00,2018-04-20 00:00:00
15,2018-05-17 00:00:00,2018-05-10 00:00:00,2018-04-19 00:00:00
16,2018-05-16 00:00:00,2018-05-09 00:00:00,2018-04-18 00:00:00
17,2018-05-15 00:00:00,2018-05-08 00:00:00,2018-04-17 00:00:00
18,2018-05-14 00:00:00,2018-05-07 00:00:00,2018-04-16 00:00:00
19,2018-05-13 00:00:00,2018-05-06 00:00:00,2018-04-15 00:00:00
20,2018-05-12 00:00:00,2018-05-05 00:00:00,2018-04-14 00:00:00
21,2018-05-11 00:00:00,2018-05-04 00:00:00,2018-04-13 00:00:00
22,2018-05-10 00:00:00,2018-05-03 00:00:00,2018-04-12 00:00:00
23,2018-05-09 00:00:00,2018-05-02 00:00:00,2018-04-11 00:00:00
24,2018-05-08 00:00:00,2018-05-01 00:00:00,2018-04-10 00:00:00
25,2018-05-07 00:00:00,2018-04-30 00:00:00,2018-04-09 00:00:00
26,2018-05-06 00:00:00,2018-04-29 00:00:00,2018-04-08 00:00:00
27,2018-05-05 00:00:00,2018-04-28 00:00:00,2018-04-07 00:00:00
28,2018-05-04 00:00:00,2018-04-27 00:00:00,2018-04-06 00:00:00
29,2018-05-03 00:00:00,2018-04-26 00:00:00,2018-04-05 00:00:00
30,2018-05-02 00:00:00,2018-04-25 00:00:00,2018-04-04 00:00:00
31,2018-05-01 00:00:00,2018-04-24 00:00:00,2018-04-03 00:00:00
32,2018-04-30 00:00:00,2018-04-23 00:00:00,2018-04-02 00:00:00
33,2018-04-29 00:00:00,2018-04-22 00:00:00,2018-04-01 00:00:00
34,2018-04-28 00:00:00,2018-04-21 00:00:00,2018-03-31 00:00:00
35,2018-04-27 00:00:00,2018-04-20 00:00:00,2018-03-30 00:00:00
36,2018-04-26 00:00:00,2018-04-19 00:00:00,2018-03-29 00:00:00
37,2018-04-25 00:00:00,2018-04-18 00:00:00,2018-03-28 00:00:00
38,2018-04-24 00:00:00,2018-04-17 00:00:00,2018-03-27 00:00:00
39,2018-04-23 00:00:00,2018-04-16 00:00:00,2018-03-26 00:00:00
40,2018-04-22 00:00:00,2018-04-15 00:00:00,2018-03-25 00:00:00
41,2018-04-21 00:00:00,2018-04-14 00:00:00,2018-03-24 00:00:00
42,2018-04-20 00:00:00,2018-04-13 00:00:00,2018-03-23 00:00:00
43,2018-04-19 00:00:00,2018-04-12 00:00:00,2018-03-22 00:00:00
44,2018-04-18 00:00:00,2018-04-11 00:00:00,2018-03-21 00:00:00
45,2018-04-17 00:00:00,2018-04-10 00:00:00,2018-03-20 00:00:00
46,2018-04-16 00:00:00,2018-04-09 00:00:00,2018-03-19 00:00:00
47,2018-04-15 00:00:00,2018-04-08 00:00:00,2018-03-18 00:00:00
48,2018-04-14 00:00:00,2018-04-07 00:00:00,2018-03-17 00:00:00
49,2018-04-13 00:00:00,2018-04-06 00:00:00,2018-03-16 00:00:00
50,2018-04-12 00:00:00,2018-04-05 00:00:00,2018-03-15 00:00:00
51,2018-04-11 00:00:00,2018-04-04 00:00:00,2018-03-14 00:00:00
52,2018-04-10 00:00:00,2018-04-03 00:00:00,2018-03-13 00:00:00
53,2018-04-09 00:00:00,2018-04-02 00:00:00,2018-03-12 00:00:00
54,2018-04-08 00:00:00,2018-04-01 00:00:00,2018-03-11 00:00:00
55,2018-04-07 00:00:00,2018-03-31 00:00:00,2018-03-10 00:00:00
56,2018-04-06 00:00:00,2018-03-30 00:00:00,2018-03-09 00:00:00
57,2018-04-05 00:00:00,2018-03-29 00:00:00,2018-03-08 00:00:00
58,2018-04-04 00:00:00,2018-03-28 00:00:00,2018-03-07 00:00:00
59,2018-04-03 00:00:00,2018-03-27 00:00:00,2018-03-06 00:00:00
60,2018-04-02 00:00:00,2018-03-26 00:00:00,2018-03-05 00:00:00
61,2018-04-01 00:00:00,2018-03-25 00:00:00,2018-03-04 00:00:00
62,2018-03-31 00:00:00,2018-03-24 00:00:00,2018-03-03 00:00:00
63,2018-03-30 00:00:00,2018-03-23 00:00:00,2018-03-02 00:00:00
64,2018-03-29 00:00:00,2018-03-22 00:00:00,2018-03-01 00:00:00
65,2018-03-28 00:00:00,2018-03-21 00:00:00,2018-02-28 00:00:00
66,2018-03-27 00:00:00,2018-03-20 00:00:00,2018-02-27 00:00:00
67,2018-03-26 00:00:00,2018-03-19 00:00:00,2018-02-26 00:00:00
68,2018-03-25 00:00:00,2018-03-18 00:00:00,2018-02-25 00:00:00
69,2018-03-24 00:00:00,2018-03-17 00:00:00,2018-02-24 00:00:00
70,2018-03-23 00:00:00,2018-03-16 00:00:00,2018-02-23 00:00:00
71,2018-03-22 00:00:00,2018-03-15 00:00:00,2018-02-22 00:00:00
72,2018-03-21 00:00:00,2018-03-14 00:00:00,2018-02-21 00:00:00
73,2018-03-20 00:00:00,2018-03-13 00:00:00,2018-02-20 00:00:00
74,2018-03-19 00:00:00,2018-03-12 00:00:00,2018-02-19 00:00:00
75,2018-03-18 00:00:00,2018-03-11 00:00:00,2018-02-18 00:00:00
76,2018-03-17 00:00:00,2018-03-10 00:00:00,2018-02-17 00:00:00
77,2018-03-16 00:00:00,2018-03-09 00:00:00,2018-02-16 00:00:00
78,2018-03-15 00:00:00,2018-03-08 00:00:00,2018-02-15 00:00:00
79,2018-03-14 00:00:00,2018-03-07 00:00:00,2018-02-14 00:00:00
80,2018-03-13 00:00:00,2018-03-06 00:00:00,2018-02-13 00:00:00
81,2018-03-12 00:00:00,2018-03-05 00:00:00,2018-02-12 00:00:00
82,2018-03-11 00:00:00,2018-03-04 00:00:00,2018-02-11 00:00:00
83,2018-03-10 00:00:00,2018-03-03 00:00:00,2018-02-10 00:00:00
84,2018-03-09 00:00:00,2018-03-02 00:00:00,2018-02-09 00:00:00
85,2018-03-08 00:00:00,2018-03-01 00:00:00,2018-02-08 00:00:00
86,2018-03-07 00:00:00,2018-02-28 00:00:00,2018-02-07 00:00:00
87,2018-03-06 00:00:00,2018-02-27 00:00:00,2018-02-06 00:00:00
88,2018-03-05 00:00:00,2018-02-26 00:00:00,2018-02-05 00:00:00
89,2018-03-04 00:00:00,2018-02-25 00:00:00,2018-02-04 00:00:00
90,2018-03-03 00:00:00,2018-02-24 00:00:00,2018-02-03 00:00:00
91,2018-03-02 00:00:00,2018-02-23 00:00:00,2018-02-02 00:00:00
92,2018-03-01 00:00:00,2018-02-22 00:00:00,2018-02-01 00:00:00
93,2018-02-28 00:00:00,2018-02-21 00:00:00,2018-01-31 00:00:00
94,2018-02-27 00:00:00,2018-02-20 00:00:00,2018-01-30 00:00:00
95,2018-02-26 00:00:00,2018-02-19 00:00:00,2018-01-29 00:00:00
96,2018-02-25 00:00:00,2018-02-18 00:00:00,2018-01-28 00:00:00
97,2018-02-24 00:00:00,2018-02-17 00:00:00,2018-01-27 00:00:00
98,2018-02-23 00:00:00,2018-02-16 00:00:00,2018-01-26 00:00:00
99,2018-02-22 00:00:00,2018-02-15 00:00:00,2018-01-25 00:00:00
100,2018-02-21 00:00:00,2018-02-14 00:00:00,2018-01-24 00:00:00
101,2018-02-20 00:00:00,2018-02-13 00:00:00,2018-01-23 00:00:00
102,2018-02-19 00:00:00,2018-02-12 00:00:00,2018-01-22 00:00:00
103,2018-02-18 00:00:00,2018-02-11 00:00:00,2018-01-21 00:00:00
104,2018-02-17 00:00:00,2018-02-10 00:00:00,2018-01-20 00:00:00
105,2018-02-16 00:00:00,2018-02-09 00:00:00,2018-01-19 00:00:00
106,2018-02-15 00:00:00,2018-02-08 00:00:00,2018-01-18 00:00:00
107,2018-02-14 00:00:00,2018-02-07 00:00:00,2018-01-17 00:00:00
108,2018-02-13 00:00:00,2018-02-06 00:00:00,2018-01-16 00:00:00
109,2018-02-12 00:00:00,2018-02-05 00:00:00,2018-01-15 00:00:00
110,2018-02-11 00:00:00,2018-02-04 00:00:00,2018-01-14 00:00:00
111,2018-02-10 00:00:00,2018-02-03 00:00:00,2018-01-13 00:00:00
112,2018-02-09 00:00:00,2018-02-02 00:00:00,2018-01-12 00:00:00
113,2018-02-08 00:00:00,2018-02-01 00:00:00,2018-01-11 00:00:00
114,2018-02-07 00:00:00,2018-01-31 00:00:00,2018-01-10 00:00:00
115,2018-02-06 00:00:00,2018-01-30 00:00:00,2018-01-09 00:00:00
116,2018-02-05 00:00:00,2018-01-29 00:00:00,2018-01-08 00:00:00
117,2018-02-04 00:00:00,2018-01-28 00:00:00,2018-01-07 00:00:00
118,2018-02-03 00:00:00,2018-01-27 00:00:00,2018-01-06 00:00:00
119,2018-02-02 00:00:00,2018-01-26 00:00:00,2018-01-05 00:00:00
120,2018-02-01 00:00:00,2018-01-25 00:00:00,2018-01-04 00:00:00
121,2018-01-31 00:00:00,2018-01-24 00:00:00,2018-01-03 00:00:00
122,2018-01-30 00:00:00,2018-01-23 00:00:00,2018-01-02 00:00:00
123,2018-01-29 00:00:00,2018-01-22 00:00:00,2018-01-01 00:00:00
124,2018-01-28 00:00:00,2018-01-21 00:00:00,2017-12-31 00:00:00
125,2018-01-27 00:00:00,2018-01-20 00:00:00,2017-12-30 00:00:00
126,2018-01-26 00:00:00,2018-01-19 00:00:00,2017-12-29 00:00:00
127,2018-01-25 00:00:00,2018-01-18 00:00:00,2017-12-28 00:00:00
128,2018-01-24 00:00:00,2018-01-17 00:00:00,2017-12-27 00:00:00
129,2018-01-23 00:00:00,2018-01-16 00:00:00,2017-12-26 00:00:00
130,2018-01-22 00:00:00,2018-01-15 00:00:00,2017-12-25 00:00:00
131,2018-01-21 00:00:00,2018-01-14 00:00:00,2017-12-24 00:00:00
132,2018-01-20 00:00:00,2018-01-13 00:00:00,2017-12-23 00:00:00
133,2018-01-19 00:00:00,2018-01-12 00:00:00,2017-12-22 00:00:00
134,2018-01-18 00:00:00,2018-01-11 00:00:00,2017-12-21 00:00:00
135,2018-01-17 00:00:00,2018-01-10 00:00:00,2017-12-20 00:00:00
136,2018-01-16 00:00:00,2018-01-09 00:00:00,2017-12-19 00:00:00
137,2018-01-15 00:00:00,2018-01-08 00:00:00,2017-12-18 00:00:00
138,2018-01-14 00:00:00,2018-01-07 00:00:00,2017-12-17 00:00:00
139,2018-01-13 00:00:00,2018-01-06 00:00:00,2017-12-16 00:00:00
140,2018-01-12 00:00:00,2018-01-05 00:00:00,2017-12-15 00:00:00
141,2018-01-11 00:00:00,2018-01-04 00:00:00,2017-12-14 00:00:00
142,2018-01-10 00:00:00,2018-01-03 00:00:00,2017-12-13 00:00:00
143,2018-01-09 00:00:00,2018-01-02 00:00:00,2017-12-12 00:00:00
144,2018-01-08 00:00:00,2018-01-01 00:00:00,2017-12-11 00:00:00
145,2018-01-07 00:00:00,2017-12-31 00:00:00,2017-12-10 00:00:00
146,2018-01-06 00:00:00,2017-12-30 00:00:00,2017-12-09 00:00:00
147,2018-01-05 00:00:00,2017-12-29 00:00:00,2017-12-08 00:00:00
148,2018-01-04 00:00:00,2017-12-28 00:00:00,2017-12-07 00:00:00
149,2018-01-03 00:00:00,2017-12-27 00:00:00,2017-12-06 00:00:00
150,2018-01-02 00:00:00,2017-12-26 00:00:00,2017-12-05 00:00:00
151,2018-01-01 00:00:00,2017-12-25 00:00:00,2017-12-04 00:00:00
152,2017-12-31 00:00:00,2017-12-24 00:00:00,2017-12-03 00:00:00
153,2017-12-30 00:00:00,2017-12-23 00:00:00,2017-12-02 00:00:00
154,2017-12-29 00:00:00,2017-12-22 00:00:00,2017-12-01 00:00:00
155,2017-12-28 00:00:00,2017-12-21 00:00:00,2017-11-30 00:00:00
156,2017-12-27 00:00:00,2017-12-20 00:00:00,2017-11-29 00:00:00
157,2017-12-26 00:00:00,2017-12-19 00:00:00,2017-11-28 00:00:00
158,2017-12-25 00:00:00,2017-12-18 00:00:00,2017-11-27 00:00:00
159,2017-12-24 00:00:00,2017-12-17 00:00:00,2017-11-26 00:00:00
160,2017-12-23 00:00:00,2017-12-16 00:00:00,2017-11-25 00:00:00
161,2017-12-22 00:00:00,2017-12-15 00:00:00,2017-11-24 00:00:00
162,2017-12-21 00:00:00,2017-12-14 00:00:00,2017-11-23 00:00:00
163,2017-12-20 00:00:00,2017-12-13 00:00:00,2017-11-22 00:00:00
164,2017-12-19 00:00:00,2017-12-12 00:00:00,2017-11-21 00:00:00
165,2017-12-18 00:00:00,2017-12-11 00:00:00,2017-11-20 00:00:00
166,2017-12-17 00:00:00,2017-12-10 00:00:00,2017-11-19 00:00:00
167,2017-12-16 00:00:00,2017-12-09 00:00:00,2017-11-18 00:00:00
168,2017-12-15 00:00:00,2017-12-08 00:00:00,2017-11-17 00:00:00
169,2017-12-14 00:00:00,2017-12-07 00:00:00,2017-11-16 00:00:00
170,2017-12-13 00:00:00,2017-12-06 00:00:00,2017-11-15 00:00:00
171,2017-12-12 00:00:00,2017-12-05 00:00:00,2017-11-14 00:00:00
172,2017-12-11 00:00:00,2017-12-04 00:00:00,2017-11-13 00:00:00
173,2017-12-10 00:00:00,2017-12-03 00:00:00,2017-11-12 00:00:00
174,2017-12-09 00:00:00,2017-12-02 00:00:00,2017-11-11 00:00:00
175,2017-12-08 00:00:00,2017-12-01 00:00:00,2017-11-10 00:00:00
176,2017-12-07 00:00:00,2017-11-30 00:00:00,2017-11-09 00:00:00
177,2017-12-06 00:00:00,2017-11-29 00:00:00,2017-11-08 00:00:00
178,2017-12-05 00:00:00,2017-11-28 00:00:00,2017-11-07 00:00:00
179,2017-12-04 00:00:00,2017-11-27 00:00:00,2017-11-06 00:00:00
180,2017-12-03 00:00:00,2017-11-26 00:00:00,2017-11-05 00:00:00
181,2017-12-02 00:00:00,2017-11-25 00:00:00,2017-11-04 00:00:00
182,2017-12-01 00:00:00,2017-11-24 00:00:00,2017-11-03 00:00:00
183,2017-11-30 00:00:00,2017-11-23 00:00:00,2017-11-02 00:00:00
184,2017-11-29 00:00:00,2017-11-22 00:00:00,2017-11-01 00:00:00
185,2017-11-28 00:00:00,2017-11-21 00:00:00,2017-10-31 00:00:00
186,2017-11-27 00:00:00,2017-11-20 00:00:00,2017-10-30 00:00:00
187,2017-11-26 00:00:00,2017-11-19 00:00:00,2017-10-29 00:00:00
188,2017-11-25 00:00:00,2017-11-18 00:00:00,2017-10-28 00:00:00
189,2017-11-24 00:00:00,2017-11-17 00:00:00,2017-10-27 00:00:00
190,2017-11-23 00:00:00,2017-11-16 00:00:00,2017-10-26 00:00:00
191,2017-11-22 00:00:00,2017-11-15 00:00:00,2017-10-25 00:00:00
192,2017-11-21 00:00:00,2017-11-14 00:00:00,2017-10-24 00:00:00
193,2017-11-20 00:00:00,2017-11-13 00:00:00,2017-10-23 00:00:00
194,2017-11-19 00:00:00,2017-11-12 00:00:00,2017-10-22 00:00:00
195,2017-11-18 00:00:00,2017-11-11 00:00:00,2017-10-21 00:00:00
196,2017-11-17 00:00:00,2017-11-10 00:00:00,2017-10-20 00:00:00
197,2017-11-16 00:00:00,2017-11-09 00:00:00,2017-10-19 00:00:00
198,2017-11-15 00:00:00,2017-11-08 00:00:00,2017-10-18 00:00:00
199,2017-11-14 00:00:00,2017-11-07 00:00:00,2017-10-17 00:00:00
200,2017-11-13 00:00:00,2017-11-06 00:00:00,2017-10-16 00:00:00
201,2017-11-12 00:00:00,2017-11-05 00:00:00,2017-10-15 00:00:00
202,2017-11-11 00:00:00,2017-11-04 00:00:00,2017-10-14 00:00:00
203,2017-11-10 00:00:00,2017-11-03 00:00:00,2017-10-13 00:00:00
204,2017-11-09 00:00:00,2017-11-02 00:00:00,2017-10-12 00:00:00
205,2017-11-08 00:00:00,2017-11-01 00:00:00,2017-10-11 00:00:00
206,2017-11-07 00:00:00,2017-10-31 00:00:00,2017-10-10 00:00:00
207,2017-11-06 00:00:00,2017-10-30 00:00:00,2017-10-09 00:00:00
208,2017-11-05 00:00:00,2017-10-29 00:00:00,2017-10-08 00:00:00
209,2017-11-04 00:00:00,2017-10-28 00:00:00,2017-10-07 00:00:00
210,2017-11-03 00:00:00,2017-10-27 00:00:00,2017-10-06 00:00:00
211,2017-11-02 00:00:00,2017-10-26 00:00:00,2017-10-05 00:00:00
212,2017-11-01 00:00:00,2017-10-25 00:00:00,2017-10-04 00:00:00
213,2017-10-31 00:00:00,2017-10-24 00:00:00,2017-10-03 00:00:00
214,2017-10-30 00:00:00,2017-10-23 00:00:00,2017-10-02 00:00:00
215,2017-10-29 00:00:00,2017-10-22 00:00:00,2017-10-01 00:00:00
216,2017-10-28 00:00:00,2017-10-21 00:00:00,2017-09-30 00:00:00
217,2017-10-27 00:00:00,2017-10-20 00:00:00,2017-09-29 00:00:00
218,2017-10-26 00:00:00,2017-10-19 00:00:00,2017-09-28 00:00:00
219,2017-10-25 00:00:00,2017-10-18 00:00:00,2017-09-27 00:00:00
220,2017-10-24 00:00:00,2017-10-17 00:00:00,2017-09-26 00:00:00
221,2017-10-23 00:00:00,2017-10-16 00:00:00,2017-09-25 00:00:00
222,2017-10-22 00:00:00,2017-10-15 00:00:00,2017-09-24 00:00:00
223,2017-10-21 00:00:00,2017-10-14 00:00:00,2017-09-23 00:00:00
224,2017-10-20 00:00:00,2017-10-13 00:00:00,2017-09-22 00:00:00
225,2017-10-19 00:00:00,2017-10-12 00:00:00,2017-09-21 00:00:00
226,2017-10-18 00:00:00,2017-10-11 00:00:00,2017-09-20 00:00:00
227,2017-10-17 00:00:00,2017-10-10 00:00:00,2017-09-19 00:00:00
228,2017-10-16 00:00:00,2017-10-09 00:00:00,2017-09-18 00:00:00
229,2017-10-15 00:00:00,2017-10-08 00:00:00,2017-09-17 00:00:00
230,2017-10-14 00:00:00,2017-10-07 00:00:00,2017-09-16 00:00:00
231,2017-10-13 00:00:00,2017-10-06 00:00:00,2017-09-15 00:00:00
232,2017-10-12 00:00:00,2017-10-05 00:00:00,2017-09-14 00:00:00
233,2017-10-11 00:00:00,2017-10-04 00:00:00,2017-09-13 00:00:00
234,2017-10-10 00:00:00,2017-10-03 00:00:00,2017-09-12 00:00:00
235,2017-10-09 00:00:00,2017-10-02 00:00:00,2017-09-11 00:00:00
236,2017-10-08 00:00:00,2017-10-01 00:00:00,2017-09-10 00:00:00
237,2017-10-07 00:00:00,2017-09-30 00:00:00,2017-09-09 00:00:00
238,2017-10-06 00:00:00,2017-09-29 00:00:00,2017-09-08 00:00:00
239,2017-10-05 00:00:00,2017-09-28 00:00:00,2017-09-07 00:00:00
240,2017-10-04 00:00:00,2017-09-27 00:00:00,2017-09-06 00:00:00
241,2017-10-03 00:00:00,2017-09-26 00:00:00,2017-09-05 00:00:00
242,2017-10-02 00:00:00,2017-09-25 00:00:00,2017-09-04 00:00:00
243,2017-10-01 00:00:00,2017-09-24 00:00:00,2017-09-03 00:00:00
244,2017-09-30 00:00:00,2017-09-23 00:00:00,2017-09-02 00:00:00
245,2017-09-29 00:00:00,2017-09-22 00:00:00,2017-09-01 00:00:00
246,2017-09-28 00:00:00,2017-09-21 00:00:00,2017-08-31 00:00:00
247,2017-09-27 00:00:00,2017-09-20 00:00:00,2017-08-30 00:00:00
248,2017-09-26 00:00:00,2017-09-19 00:00:00,2017-08-29 00:00:00
249,2017-09-25 00:00:00,2017-09-18 00:00:00,2017-08-28 00:00:00
250,2017-09-24 00:00:00,2017-09-17 00:00:00,2017-08-27 00:00:00
251,2017-09-23 00:00:00,2017-09-16 00:00:00,2017-08-26 00:00:00
252,2017-09-22 00:00:00,2017-09-15 00:00:00,2017-08-25 00:00:00
253,2017-09-21 00:00:00,2017-09-14 00:00:00,2017-08-24 00:00:00
254,2017-09-20 00:00:00,2017-09-13 00:00:00,2017-08-23 00:00:00
255,2017-09-19 00:00:00,2017-09-12 00:00:00,2017-08-22 00:00:00
256,2017-09-18 00:00:00,2017-09-11 00:00:00,2017-08-21 00:00:00
257,2017-09-17 00:00:00,2017-09-10 00:00:00,2017-08-20 00:00:00
258,2017-09-16 00:00:00,2017-09-09 00:00:00,2017-08-19 00:00:00
259,2017-09-15 00:00:00,2017-09-08 00:00:00,2017-08-18 00:00:00
260,2017-09-14 00:00:00,2017-09-07 00:00:00,2017-08-17 00:00:00
261,2017-09-13 00:00:00,2017-09-06 00:00:00,2017-08-16 00:00:00
262,2017-09-12 00:00:00,2017-09-05 00:00:00,2017-08-15 00:00:00
263,2017-09-11 00:00:00,2017-09-04 00:00:00,2017-08-14 00:00:00
264,2017-09-10 00:00:00,2017-09-03 00:00:00,2017-08-13 00:00:00
265,2017-09-09 00:00:00,2017-09-02 00:00:00,2017-08-12 00:00:00
266,2017-09-08 00:00:00,2017-09-01 00:00:00,2017-08-11 00:00:00
267,2017-09-07 00:00:00,2017-08-31 00:00:00,2017-08-10 00:00:00
268,2017-09-06 00:00:00,2017-08-30 00:00:00,2017-08-09 00:00:00
269,2017-09-05 00:00:00,2017-08-29 00:00:00,2017-08-08 00:00:00
270,2017-09-04 00:00:00,2017-08-28 00:00:00,2017-08-07 00:00:00
271,2017-09-03 00:00:00,2017-08-27 00:00:00,2017-08-06 00:00:00
272,2017-09-02 00:00:00,2017-08-26 00:00:00,2017-08-05 00:00:00
273,2017-09-01 00:00:00,2017-08-25 00:00:00,2017-08-04 00:00:00
274,2017-08-31 00:00:00,2017-08-24 00:00:00,2017-08-03 00:00:00
275,2017-08-30 00:00:00,2017-08-23 00:00:00,2017-08-02 00:00:00
276,2017-08-29 00:00:00,2017-08-22 00:00:00,2017-08-01 00:00:00
277,2017-08-28 00:00:00,2017-08-21 00:00:00,2017-07-31 00:00:00
278,2017-08-27 00:00:00,2017-08-20 00:00:00,2017-07-30 00:00:00
279,2017-08-26 00:00:00,2017-08-19 00:00:00,2017-07-29 00:00:00
280,2017-08-25 00:00:00,2017-08-18 00:00:00,2017-07-28 00:00:00
281,2017-08-24 00:00:00,2017-08-17 00:00:00,2017-07-27 00:00:00
282,2017-08-23 00:00:00,2017-08-16 00:00:00,2017-07-26 00:00:00
283,2017-08-22 00:00:00,2017-08-15 00:00:00,2017-07-25 00:00:00
284,2017-08-21 00:00:00,2017-08-14 00:00:00,2017-07-24 00:00:00
285,2017-08-20 00:00:00,2017-08-13 00:00:00,2017-07-23 00:00:00
286,2017-08-19 00:00:00,2017-08-12 00:00:00,2017-07-22 00:00:00
287,2017-08-18 00:00:00,2017-08-11 00:00:00,2017-07-21 00:00:00
288,2017-08-17 00:00:00,2017-08-10 00:00:00,2017-07-20 00:00:00
289,2017-08-16 00:00:00,2017-08-09 00:00:00,2017-07-19 00:00:00
290,2017-08-15 00:00:00,2017-08-08 00:00:00,2017-07-18 00:00:00
291,2017-08-14 00:00:00,2017-08-07 00:00:00,2017-07-17 00:00:00
292,2017-08-13 00:00:00,2017-08-06 00:00:00,2017-07-16 00:00:00
293,2017-08-12 00:00:00,2017-08-05 00:00:00,2017-07-15 00:00:00
294,2017-08-11 00:00:00,2017-08-04 00:00:00,2017-07-14 00:00:00
295,2017-08-10 00:00:00,2017-08-03 00:00:00,2017-07-13 00:00:00
296,2017-08-09 00:00:00,2017-08-02 00:00:00,2017-07-12 00:00:00
297,2017-08-08 00:00:00,2017-08-01 00:00:00,2017-07-11 00:00:00
298,2017-08-07 00:00:00,2017-07-31 00:00:00,2017-07-10 00:00:00
299,2017-08-06 00:00:00,2017-07-30 00:00:00,2017-07-09 00:00:00
300,2017-08-05 00:00:00,2017-07-29 00:00:00,2017-07-08 00:00:00
301,2017-08-04 00:00:00,2017-07-28 00:00:00,2017-07-07 00:00:00
302,2017-08-03 00:00:00,2017-07-27 00:00:00,2017-07-06 00:00:00
303,2017-08-02 00:00:00,2017-07-26 00:00:00,2017-07-05 00:00:00
304,2017-08-01 00:00:00,2017-07-25 00:00:00,2017-07-04 00:00:00
305,2017-07-31 00:00:00,2017-07-24 00:00:00,2017-07-03 00:00:00
306,2017-07-30 00:00:00,2017-07-23 00:00:00,2017-07-02 00:00:00
307,2017-07-29 00:00:00,2017-07-22 00:00:00,2017-07-01 00:00:00
308,2017-07-28 00:00:00,2017-07-21 00:00:00,2017-06-30 00:00:00
309,2017-07-27 00:00:00,2017-07-20 00:00:00,2017-06-29 00:00:00
310,2017-07-26 00:00:00,2017-07-19 00:00:00,2017-06-28 00:00:00
311,2017-07-25 00:00:00,2017-07-18 00:00:00,2017-06-27 00:00:00
312,2017-07-24 00:00:00,2017-07-17 00:00:00,2017-06-26 00:00:00
313,2017-07-23 00:00:00,2017-07-16 00:00:00,2017-06-25 00:00:00
314,2017-07-22 00:00:00,2017-07-15 00:00:00,2017-06-24 00:00:00
315,2017-07-21 00:00:00,2017-07-14 00:00:00,2017-06-23 00:00:00
316,2017-07-20 00:00:00,2017-07-13 00:00:00,2017-06-22 00:00:00
317,2017-07-19 00:00:00,2017-07-12 00:00:00,2017-06-21 00:00:00
318,2017-07-18 00:00:00,2017-07-11 00:00:00,2017-06-20 00:00:00
319,2017-07-17 00:00:00,2017-07-10 00:00:00,2017-06-19 00:00:00
320,2017-07-16 00:00:00,2017-07-09 00:00:00,2017-06-18 00:00:00
321,2017-07-15 00:00:00,2017-07-08 00:00:00,2017-06-17 00:00:00
322,2017-07-14 00:00:00,2017-07-07 00:00:00,2017-06-16 00:00:00
323,2017-07-13 00:00:00,2017-07-06 00:00:00,2017-06-15 00:00:00
324,2017-07-12 00:00:00,2017-07-05 00:00:00,2017-06-14 00:00:00
325,2017-07-11 00:00:00,2017-07-04 00:00:00,2017-06-13 00:00:00
326,2017-07-10 00:00:00,2017-07-03 00:00:00,2017-06-12 00:00:00
327,2017-07-09 00:00:00,2017-07-02 00:00:00,2017-06-11 00:00:00
328,2017-07-08 00:00:00,2017-07-01 00:00:00,2017-06-10 00:00:00
329,2017-07-07 00:00:00,2017-06-30 00:00:00,2017-06-09 00:00:00
330,2017-07-06 00:00:00,2017-06-29 00:00:00,2017-06-08 00:00:00
331,2017-07-05 00:00:00,2017-06-28 00:00:00,2017-06-07 00:00:00
332,2017-07-04 00:00:00,2017-06-27 00:00:00,2017-06-06 00:00:00
333,2017-07-03 00:00:00,2017-06-26 00:00:00,2017-06-05 00:00:00
334,2017-07-02 00:00:00,2017-06-25 00:00:00,2017-06-04 00:00:00
335,2017-07-01 00:00:00,2017-06-24 00:00:00,2017-06-03 00:00:00
336,2017-06-30 00:00:00,2017-06-23 00:00:00,2017-06-02 00:00:00
337,2017-06-29 00:00:00,2017-06-22 00:00:00,2017-06-01 00:00:00
338,2017-06-28 00:00:00,2017-06-21 00:00:00,2017-05-31 00:00:00
339,2017-06-27 00:00:00,2017-06-20 00:00:00,2017-05-30 00:00:00
340,2017-06-26 00:00:00,2017-06-19 00:00:00,2017-05-29 00:00:00
341,2017-06-25 00:00:00,2017-06-18 00:00:00,2017-05-28 00:00:00
342,2017-06-24 00:00:00,2017-06-17 00:00:00,2017-05-27 00:00:00
343,2017-06-23 00:00:00,2017-06-16 00:00:00,2017-05-26 00:00:00
344,2017-06-22 00:00:00,2017-06-15 00:00:00,2017-05-25 00:00:00
345,2017-06-21 00:00:00,2017-06-14 00:00:00,2017-05-24 00:00:00
346,2017-06-20 00:00:00,2017-06-13 00:00:00,2017-05-23 00:00:00
347,2017-06-19 00:00:00,2017-06-12 00:00:00,2017-05-22 00:00:00
348,2017-06-18 00:00:00,2017-06-11 00:00:00,2017-05-21 00:00:00
349,2017-06-17 00:00:00,2017-06-10 00:00:00,2017-05-20 00:00:00
350,2017-06-16 00:00:00,2017-06-09 00:00:00,2017-05-19 00:00:00
351,2017-06-15 00:00:00,2017-06-08 00:00:00,2017-05-18 00:00:00
352,2017-06-14 00:00:00,2017-06-07 00:00:00,2017-05-17 00:00:00
353,2017-06-13 00:00:00,2017-06-06 00:00:00,2017-05-16 00:00:00
354,2017-06-12 00:00:00,2017-06-05 00:00:00,2017-05-15 00:00:00
355,2017-06-11 00:00:00,2017-06-04 00:00:00,2017-05-14 00:00:00
356,2017-06-10 00:00:00,2017-06-03 00:00:00,2017-05-13 00:00:00
357,2017-06-09 00:00:00,2017-06-02 00:00:00,2017-05-12 00:00:00
358,2017-06-08 00:00:00,2017-06-01 00:00:00,2017-05-11 00:00:00
359,2017-06-07 00:00:00,2017-05-31 00:00:00,2017-05-10 00:00:00
360,2017-06-06 00:00:00,2017-05-30 00:00:00,2017-05-09 00:00:00
361,2017-06-05 00:00:00,2017-05-29 00:00:00,2017-05-08 00:00:00
362,2017-06-04 00:00:00,2017-05-28 00:00:00,2017-05-07 00:00:00
363,2017-06-03 00:00:00,2017-05-27 00:00:00,2017-05-06 00:00:00
364,2017-06-02 00:00:00,2017-05-26 00:00:00,2017-05-05 00:00:00
365,2017-06-01 00:00:00,2017-05-25 00:00:00,2017-05-04 00:00:00
366,2017-05-31 00:00:00,2017-05-24 00:00:00,2017-05-03 00:00:00
367,2017-05-30 00:00:00,2017-05-23 00:00:00,2017-05-02 00:00:00
368,2017-05-29 00:00:00,2017-05-22 00:00:00,2017-05-01 00:00:00
369,2017-05-28 00:00:00,2017-05-21 00:00:00,2017-04-30 00:00:00
370,2017-05-27 00:00:00,2017-05-20 00:00:00,2017-04-29 00:00:00
371,2017-05-26 00:00:00,2017-05-19 00:00:00,2017-04-28 00:00:00
372,2017-05-25 00:00:00,2017-05-18 00:00:00,2017-04-27 00:00:00
373,2017-05-24 00:00:00,2017-05-17 00:00:00,2017-04-26 00:00:00
374,2017-05-23 00:00:00,2017-05-16 00:00:00,2017-04-25 00:00:00
375,2017-05-22 00:00:00,2017-05-15 00:00:00,2017-04-24 00:00:00
376,2017-05-21 00:00:00,2017-05-14 00:00:00,2017-04-23 00:00:00
377,2017-05-20 00:00:00,2017-05-13 00:00:00,2017-04-22 00:00:00
378,2017-05-19 00:00:00,2017-05-12 00:00:00,2017-04-21 00:00:00
379,2017-05-18 00:00:00,2017-05-11 00:00:00,2017-04-20 00:00:00
380,2017-05-17 00:00:00,2017-05-10 00:00:00,2017-04-19 00:00:00
381,2017-05-16 00:00:00,2017-05-09 00:00:00,2017-04-18 00:00:00
382,2017-05-15 00:00:00,2017-05-08 00:00:00,2017-04-17 00:00:00
383,2017-05-14 00:00:00,2017-05-07 00:00:00,2017-04-16 00:00:00
384,2017-05-13 00:00:00,2017-05-06 00:00:00,2017-04-15 00:00:00
385,2017-05-12 00:00:00,2017-05-05 00:00:00,2017-04-14 00:00:00
386,2017-05-11 00:00:00,2017-05-04 00:00:00,2017-04-13 00:00:00
387,2017-05-10 00:00:00,2017-05-03 00:00:00,2017-04-12 00:00:00
388,2017-05-09 00:00:00,2017-05-02 00:00:00,2017-04-11 00:00:00
389,2017-05-08 00:00:00,2017-05-01 00:00:00,2017-04-10 00:00:00
390,2017-05-07 00:00:00,2017-04-30 00:00:00,2017-04-09 00:00:00
391,2017-05-06 00:00:00,2017-04-29 00:00:00,2017-04-08 00:00:00
392,2017-05-05 00:00:00,2017-04-28 00:00:00,2017-04-07 00:00:00
393,2017-05-04 00:00:00,2017-04-27 00:00:00,2017-04-06 00:00:00
394,2017-05-03 00:00:00,2017-04-26 00:00:00,2017-04-05 00:00:00
395,2017-05-02 00:00:00,2017-04-25 00:00:00,2017-04-04 00:00:00
396,2017-05-01 00:00:00,2017-04-24 00:00:00,2017-04-03 00:00:00
397,2017-04-30 00:00:00,2017-04-23 00:00:00,2017-04-02 00:00:00
398,2017-04-29 00:00:00,2017-04-22 00:00:00,2017-04-01 00:00:00
399,2017-04-28 00:00:00,2017-04-21 00:00:00,2017-03-31 00:00:00
400,2017-04-27 00:00:00,2017-04-20 00:00:00,2017-03-30 00:00:00
401,2017-04-26 00:00:00,2017-04-19 00:00:00,2017-03-29 00:00:00
402,2017-04-25 00:00:00,2017-04-18 00:00:00,2017-03-28 00:00:00
403,2017-04-24 00:00:00,2017-04-17 00:00:00,2017-03-27 00:00:00
404,2017-04-23 00:00:00,2017-04-16 00:00:00,2017-03-26 00:00:00
405,2017-04-22 00:00:00,2017-04-15 00:00:00,2017-03-25 00:00:00
406,2017-04-21 00:00:00,2017-04-14 00:00:00,2017-03-24 00:00:00
407,2017-04-20 00:00:00,2017-04-13 00:00:00,2017-03-23 00:00:00
408,2017-04-19 00:00:00,2017-04-12 00:00:00,2017-03-22 00:00:00
409,2017-04-18 00:00:00,2017-04-11 00:00:00,2017-03-21 00:00:00
410,2017-04-17 00:00:00,2017-04-10 00:00:00,2017-03-20 00:00:00
411,2017-04-16 00:00:00,2017-04-09 00:00:00,2017-03-19 00:00:00
412,2017-04-15 00:00:00,2017-04-08 00:00:00,2017-03-18 00:00:00
413,2017-04-14 00:00:00,2017-04-07 00:00:00,2017-03-17 00:00:00
414,2017-04-13 00:00:00,2017-04-06 00:00:00,2017-03-16 00:00:00
415,2017-04-12 00:00:00,2017-04-05 00:00:00,2017-03-15 00:00:00
416,2017-04-11 00:00:00,2017-04-04 00:00:00,2017-03-14 00:00:00
417,2017-04-10 00:00:00,2017-04-03 00:00:00,2017-03-13 00:00:00
418,2017-04-09 00:00:00,2017-04-02 00:00:00,2017-03-12 00:00:00
419,2017-04-08 00:00:00,2017-04-01 00:00:00,2017-03-11 00:00:00
420,2017-04-07 00:00:00,2017-03-31 00:00:00,2017-03-10 00:00:00
421,2017-04-06 00:00:00,2017-03-30 00:00:00,2017-03-09 00:00:00
422,2017-04-05 00:00:00,2017-03-29 00:00:00,2017-03-08 00:00:00
423,2017-04-04 00:00:00,2017-03-28 00:00:00,2017-03-07 00:00:00
424,2017-04-03 00:00:00,2017-03-27 00:00:00,2017-03-06 00:00:00
425,2017-04-02 00:00:00,2017-03-26 00:00:00,2017-03-05 00:00:00
426,2017-04-01 00:00:00,2017-03-25 00:00:00,2017-03-04 00:00:00
427,2017-03-31 00:00:00,2017-03-24 00:00:00,2017-03-03 00:00:00
428,2017-03-30 00:00:00,2017-03-23 00:00:00,2017-03-02 00:00:00
429,2017-03-29 00:00:00,2017-03-22 00:00:00,2017-03-01 00:00:00
430,2017-03-28 00:00:00,2017-03-21 00:00:00,2017-02-28 00:00:00
431,2017-03-27 00:00:00,2017-03-20 00:00:00,2017-02-27 00:00:00
432,2017-03-26 00:00:00,2017-03-19 00:00:00,2017-02-26 00:00:00
433,2017-03-25 00:00:00,2017-03-18 00:00:00,2017-02-25 00:00:00
434,2017-03-24 00:00:00,2017-03-17 00:00:00,2017-02-24 00:00:00
435,2017-03-23 00:00:00,2017-03-16 00:00:00,2017-02-23 00:00:00
436,2017-03-22 00:00:00,2017-03-15 00:00:00,2017-02-22 00:00:00
437,2017-03-21 00:00:00,2017-03-14 00:00:00,2017-02-21 00:00:00
438,2017-03-20 00:00:00,2017-03-13 00:00:00,2017-02-20 00:00:00
439,2017-03-19 00:00:00,2017-03-12 00:00:00,2017-02-19 00:00:00
440,2017-03-18 00:00:00,2017-03-11 00:00:00,2017-02-18 00:00:00
441,2017-03-17 00:00:00,2017-03-10 00:00:00,2017-02-17 00:00:00
442,2017-03-16 00:00:00,2017-03-09 00:00:00,2017-02-16 00:00:00
443,2017-03-15 00:00:00,2017-03-08 00:00:00,2017-02-15 00:00:00
444,2017-03-14 00:00:00,2017-03-07 00:00:00,2017-02-14 00:00:00
445,2017-03-13 00:00:00,2017-03-06 00:00:00,2017-02-13 00:00:00
446,2017-03-12 00:00:00,2017-03-05 00:00:00,2017-02-12 00:00:00
447,2017-03-11 00:00:00,2017-03-04 00:00:00,2017-02-11 00:00:00
448,2017-03-10 00:00:00,2017-03-03 00:00:00,2017-02-10 00:00:00
449,2017-03-09 00:00:00,2017-03-02 00:00:00,2017-02-09 00:00:00
450,2017-03-08 00:00:00,2017-03-01 00:00:00,2017-02-08 00:00:00
451,2017-03-07 00:00:00,2017-02-28 00:00:00,2017-02-07 00:00:00
452,2017-03-06 00:00:00,2017-02-27 00:00:00,2017-02-06 00:00:00
453,2017-03-05 00:00:00,2017-02-26 00:00:00,2017-02-05 00:00:00
454,2017-03-04 00:00:00,2017-02-25 00:00:00,2017-02-04 00:00:00
455,2017-03-03 00:00:00,2017-02-24 00:00:00,2017-02-03 00:00:00
456,2017-03-02 00:00:00,2017-02-23 00:00:00,2017-02-02 00:00:00
457,2017-03-01 00:00:00,2017-02-22 00:00:00,2017-02-01 00:00:00
458,2017-02-28 00:00:00,2017-02-21 00:00:00,2017-01-31 00:00:00
459,2017-02-27 00:00:00,2017-02-20 00:00:00,2017-01-30 00:00:00
460,2017-02-26 00:00:00,2017-02-19 00:00:00,2017-01-29 00:00:00
461,2017-02-25 00:00:00,2017-02-18 00:00:00,2017-01-28 00:00:00
462,2017-02-24 00:00:00,2017-02-17 00:00:00,2017-01-27 00:00:00
463,2017-02-23 00:00:00,2017-02-16 00:00:00,2017-01-26 00:00:00
464,2017-02-22 00:00:00,2017-02-15 00:00:00,2017-01-25 00:00:00
465,2017-02-21 00:00:00,2017-02-14 00:00:00,2017-01-24 00:00:00
466,2017-02-20 00:00:00,2017-02-13 00:00:00,2017-01-23 00:00:00
467,2017-02-19 00:00:00,2017-02-12 00:00:00,2017-01-22 00:00:00
468,2017-02-18 00:00:00,2017-02-11 00:00:00,2017-01-21 00:00:00
469,2017-02-17 00:00:00,2017-02-10 00:00:00,2017-01-20 00:00:00
470,2017-02-16 00:00:00,2017-02-09 00:00:00,2017-01-19 00:00:00
471,2017-02-15 00:00:00,2017-02-08 00:00:00,2017-01-18 00:00:00
472,2017-02-14 00:00:00,2017-02-07 00:00:00,2017-01-17 00:00:00
473,2017-02-13 00:00:00,2017-02-06 00:00:00,2017-01-16 00:00:00
474,2017-02-12 00:00:00,2017-02-05 00:00:00,2017-01-15 00:00:00
475,2017-02-11 00:00:00,2017-02-04 00:00:00,2017-01-14 00:00:00
476,2017-02-10 00:00:00,2017-02-03 00:00:00,2017-01-13 00:00:00
477,2017-02-09 00:00:00,2017-02-02 00:00:00,2017-01-12 00:00:00
478,2017-02-08 00:00:00,2017-02-01 00:00:00,2017-01-11 00:00:00
479,2017-02-07 00:00:00,2017-01-31 00:00:00,2017-01-10 00:00:00
480,2017-02-06 00:00:00,2017-01-30 00:00:00,2017-01-09 00:00:00
481,2017-02-05 00:00:00,2017-01-29 00:00:00,2017-01-08 00:00:00
482,2017-02-04 00:00:00,2017-01-28 00:00:00,2017-01-07 00:00:00
483,2017-02-03 00:00:00,2017-01-27 00:00:00,2017-01-06 00:00:00
484,2017-02-02 00:00:00,2017-01-26 00:00:00,2017-01-05 00:00:00
485,2017-02-01 00:00:00,2017-01-25 00:00:00,2017-01-04 00:00:00
486,2017-01-31 00:00:00,2017-01-24 00:00:00,2017-01-03 00:00:00
487,2017-01-30 00:00:00,2017-01-23 00:00:00,2017-01-02 00:00:00
488,2017-01-29 00:00:00,2017-01-22 00:00:00,2017-01-01 00:00:00
489,2017-01-28 00:00:00,2017-01-21 00:00:00,2016-12-31 00:00:00
490,2017-01-27 00:00:00,2017-01-20 00:00:00,2016-12-30 00:00:00
491,2017-01-26 00:00:00,2017-01-19 00:00:00,2016-12-29 00:00:00
492,2017-01-25 00:00:00,2017-01-18 00:00:00,2016-12-28 00:00:00
493,2017-01-24 00:00:00,2017-01-17 00:00:00,2016-12-27 00:00:00
494,2017-01-23 00:00:00,2017-01-16 00:00:00,2016-12-26 00:00:00
495,2017-01-22 00:00:00,2017-01-15 00:00:00,2016-12-25 00:00:00
496,2017-01-21 00:00:00,2017-01-14 00:00:00,2016-12-24 00:00:00
497,2017-01-20 00:00:00,2017-01-13 00:00:00,2016-12-23 00:00:00
498,2017-01-19 00:00:00,2017-01-12 00:00:00,2016-12-22 00:00:00
499,2017-01-18 00:00:00,2017-01-11 00:00:00,2016-12-21 00:00:00
500,2017-01-17 00:00:00,2017-01-10 00:00:00,2016-12-20 00:00:00
501,2017-01-16 00:00:00,2017-01-09 00:00:00,2016-12-19 00:00:00
502,2017-01-15 00:00:00,2017-01-08 00:00:00,2016-12-18 00:00:00
503,2017-01-14 00:00:00,2017-01-07 00:00:00,2016-12-17 00:00:00
504,2017-01-13 00:00:00,2017-01-06 00:00:00,2016-12-16 00:00:00
505,2017-01-12 00:00:00,2017-01-05 00:00:00,2016-12-15 00:00:00
506,2017-01-11 00:00:00,2017-01-04 00:00:00,2016-12-14 00:00:00
507,2017-01-10 00:00:00,2017-01-03 00:00:00,2016-12-13 00:00:00
508,2017-01-09 00:00:00,2017-01-02 00:00:00,2016-12-12 00:00:00
509,2017-01-08 00:00:00,2017-01-01 00:00:00,2016-12-11 00:00:00
510,2017-01-07 00:00:00,2016-12-31 00:00:00,2016-12-10 00:00:00
511,2017-01-06 00:00:00,2016-12-30 00:00:00,2016-12-09 00:00:00
512,2017-01-05 00:00:00,2016-12-29 00:00:00,2016-12-08 00:00:00
513,2017-01-04 00:00:00,2016-12-28 00:00:00,2016-12-07 00:00:00
514,2017-01-03 00:00:00,2016-12-27 00:00:00,2016-12-06 00:00:00
515,2017-01-02 00:00:00,2016-12-26 00:00:00,2016-12-05 00:00:00
516,2017-01-01 00:00:00,2016-12-25 00:00:00,2016-12-04 00:00:00
517,2016-12-31 00:00:00,2016-12-24 00:00:00,2016-12-03 00:00:00
518,2016-12-30 00:00:00,2016-12-23 00:00:00,2016-12-02 00:00:00
519,2016-12-29 00:00:00,2016-12-22 00:00:00,2016-12-01 00:00:00
520,2016-12-28 00:00:00,2016-12-21 00:00:00,2016-11-30 00:00:00
521,2016-12-27 00:00:00,2016-12-20 00:00:00,2016-11-29 00:00:00
522,2016-12-26 00:00:00,2016-12-19 00:00:00,2016-11-28 00:00:00
523,2016-12-25 00:00:00,2016-12-18 00:00:00,2016-11-27 00:00:00
524,2016-12-24 00:00:00,2016-12-17 00:00:00,2016-11-26 00:00:00
525,2016-12-23 00:00:00,2016-12-16 00:00:00,2016-11-25 00:00:00
526,2016-12-22 00:00:00,2016-12-15 00:00:00,2016-11-24 00:00:00
527,2016-12-21 00:00:00,2016-12-14 00:00:00,2016-11-23 00:00:00
528,2016-12-20 00:00:00,2016-12-13 00:00:00,2016-11-22 00:00:00
529,2016-12-19 00:00:00,2016-12-12 00:00:00,2016-11-21 00:00:00
530,2016-12-18 00:00:00,2016-12-11 00:00:00,2016-11-20 00:00:00
531,2016-12-17 00:00:00,2016-12-10 00:00:00,2016-11-19 00:00:00
532,2016-12-16 00:00:00,2016-12-09 00:00:00,2016-11-18 00:00:00
533,2016-12-15 00:00:00,2016-12-08 00:00:00,2016-11-17 00:00:00
534,2016-12-14 00:00:00,2016-12-07 00:00:00,2016-11-16 00:00:00
535,2016-12-13 00:00:00,2016-12-06 00:00:00,2016-11-15 00:00:00
536,2016-12-12 00:00:00,2016-12-05 00:00:00,2016-11-14 00:00:00
537,2016-12-11 00:00:00,2016-12-04 00:00:00,2016-11-13 00:00:00
538,2016-12-10 00:00:00,2016-12-03 00:00:00,2016-11-12 00:00:00
539,2016-12-09 00:00:00,2016-12-02 00:00:00,2016-11-11 00:00:00
540,2016-12-08 00:00:00,2016-12-01 00:00:00,2016-11-10 00:00:00
541,2016-12-07 00:00:00,2016-11-30 00:00:00,2016-11-09 00:00:00
542,2016-12-06 00:00:00,2016-11-29 00:00:00,2016-11-08 00:00:00
543,2016-12-05 00:00:00,2016-11-28 00:00:00,2016-11-07 00:00:00
544,2016-12-04 00:00:00,2016-11-27 00:00:00,2016-11-06 00:00:00
545,2016-12-03 00:00:00,2016-11-26 00:00:00,2016-11-05 00:00:00
546,2016-12-02 00:00:00,2016-11-25 00:00:00,2016-11-04 00:00:00
547,2016-12-01 00:00:00,2016-11-24 00:00:00,2016-11-03 00:00:00
548,2016-11-30 00:00:00,2016-11-23 00:00:00,2016-11-02 00:00:00
549,2016-11-29 00:00:00,2016-11-22 00:00:00,2016-11-01 00:00:00
550,2016-11-28 00:00:00,2016-11-21 00:00:00,2016-10-31 00:00:00
551,2016-11-27 00:00:00,2016-11-20 00:00:00,2016-10-30 00:00:00
552,2016-11-26 00:00:00,2016-11-19 00:00:00,2016-10-29 00:00:00
553,2016-11-25 00:00:00,2016-11-18 00:00:00,2016-10-28 00:00:00
554,2016-11-24 00:00:00,2016-11-17 00:00:00,2016-10-27 00:00:00
555,2016-11-23 00:00:00,2016-11-16 00:00:00,2016-10-26 00:00:00
556,2016-11-22 00:00:00,2016-11-15 00:00:00,2016-10-25 00:00:00
557,2016-11-21 00:00:00,2016-11-14 00:00:00,2016-10-24 00:00:00
558,2016-11-20 00:00:00,2016-11-13 00:00:00,2016-10-23 00:00:00
559,2016-11-19 00:00:00,2016-11-12 00:00:00,2016-10-22 00:00:00
560,2016-11-18 00:00:00,2016-11-11 00:00:00,2016-10-21 00:00:00
561,2016-11-17 00:00:00,2016-11-10 00:00:00,2016-10-20 00:00:00
562,2016-11-16 00:00:00,2016-11-09 00:00:00,2016-10-19 00:00:00
563,2016-11-15 00:00:00,2016-11-08 00:00:00,2016-10-18 00:00:00
564,2016-11-14 00:00:00,2016-11-07 00:00:00,2016-10-17 00:00:00
565,2016-11-13 00:00:00,2016-11-06 00:00:00,2016-10-16 00:00:00
566,2016-11-12 00:00:00,2016-11-05 00:00:00,2016-10-15 00:00:00
567,2016-11-11 00:00:00,2016-11-04 00:00:00,2016-10-14 00:00:00
568,2016-11-10 00:00:00,2016-11-03 00:00:00,2016-10-13 00:00:00
569,2016-11-09 00:00:00,2016-11-02 00:00:00,2016-10-12 00:00:00
570,2016-11-08 00:00:00,2016-11-01 00:00:00,2016-10-11 00:00:00
571,2016-11-07 00:00:00,2016-10-31 00:00:00,2016-10-10 00:00:00
572,2016-11-06 00:00:00,2016-10-30 00:00:00,2016-10-09 00:00:00
573,2016-11-05 00:00:00,2016-10-29 00:00:00,2016-10-08 00:00:00
574,2016-11-04 00:00:00,2016-10-28 00:00:00,2016-10-07 00:00:00
575,2016-11-03 00:00:00,2016-10-27 00:00:00,2016-10-06 00:00:00
576,2016-11-02 00:00:00,2016-10-26 00:00:00,2016-10-05 00:00:00
577,2016-11-01 00:00:00,2016-10-25 00:00:00,2016-10-04 00:00:00
578,2016-10-31 00:00:00,2016-10-24 00:00:00,2016-10-03 00:00:00
579,2016-10-30 00:00:00,2016-10-23 00:00:00,2016-10-02 00:00:00
580,2016-10-29 00:00:00,2016-10-22 00:00:00,2016-10-01 00:00:00
581,2016-10-28 00:00:00,2016-10-21 00:00:00,2016-09-30 00:00:00
582,2016-10-27 00:00:00,2016-10-20 00:00:00,2016-09-29 00:00:00
583,2016-10-26 00:00:00,2016-10-19 00:00:00,2016-09-28 00:00:00
584,2016-10-25 00:00:00,2016-10-18 00:00:00,2016-09-27 00:00:00
585,2016-10-24 00:00:00,2016-10-17 00:00:00,2016-09-26 00:00:00
586,2016-10-23 00:00:00,2016-10-16 00:00:00,2016-09-25 00:00:00
587,2016-10-22 00:00:00,2016-10-15 00:00:00,2016-09-24 00:00:00
588,2016-10-21 00:00:00,2016-10-14 00:00:00,2016-09-23 00:00:00
589,2016-10-20 00:00:00,2016-10-13 00:00:00,2016-09-22 00:00:00
590,2016-10-19 00:00:00,2016-10-12 00:00:00,2016-09-21 00:00:00
591,2016-10-18 00:00:00,2016-10-11 00:00:00,2016-09-20 00:00:00
592,2016-10-17 00:00:00,2016-10-10 00:00:00,2016-09-19 00:00:00
593,2016-10-16 00:00:00,2016-10-09 00:00:00,2016-09-18 00:00:00
594,2016-10-15 00:00:00,2016-10-08 00:00:00,2016-09-17 00:00:00
595,2016-10-14 00:00:00,2016-10-07 00:00:00,2016-09-16 00:00:00
596,2016-10-13 00:00:00,2016-10-06 00:00:00,2016-09-15 00:00:00
597,2016-10-12 00:00:00,2016-10-05 00:00:00,2016-09-14 00:00:00
598,2016-10-11 00:00:00,2016-10-04 00:00:00,2016-09-13 00:00:00
599,2016-10-10 00:00:00,2016-10-03 00:00:00,2016-09-12 00:00:00
600,2016-10-09 00:00:00,2016-10-02 00:00:00,2016-09-11 00:00:00
601,2016-10-08 00:00:00,2016-10-01 00:00:00,2016-09-10 00:00:00
602,2016-10-07 00:00:00,2016-09-30 00:00:00,2016-09-09 00:00:00
603,2016-10-06 00:00:00,2016-09-29 00:00:00,2016-09-08 00:00:00
604,2016-10-05 00:00:00,2016-09-28 00:00:00,2016-09-07 00:00:00
605,2016-10-04 00:00:00,2016-09-27 00:00:00,2016-09-06 00:00:00
606,2016-10-03 00:00:00,2016-09-26 00:00:00,2016-09-05 00:00:00
607,2016-10-02 00:00:00,2016-09-25 00:00:00,2016-09-04 00:00:00
608,2016-10-01 00:00:00,2016-09-24 00:00:00,2016-09-03 00:00:00
609,2016-09-30 00:00:00,2016-09-23 00:00:00,2016-09-02 00:00:00
610,2016-09-29 00:00:00,2016-09-22 00:00:00,2016-09-01 00:00:00
611,2016-09-28 00:00:00,2016-09-21 00:00:00,2016-08-31 00:00:00
612,2016-09-27 00:00:00,2016-09-20 00:00:00,2016-08-30 00:00:00
613,2016-09-26 00:00:00,2016-09-19 00:00:00,2016-08-29 00:00:00
614,2016-09-25 00:00:00,2016-09-18 00:00:00,2016-08-28 00:00:00
615,2016-09-24 00:00:00,2016-09-17 00:00:00,2016-08-27 00:00:00
616,2016-09-23 00:00:00,2016-09-16 00:00:00,2016-08-26 00:00:00
617,2016-09-22 00:00:00,2016-09-15 00:00:00,2016-08-25 00:00:00
618,2016-09-21 00:00:00,2016-09-14 00:00:00,2016-08-24 00:00:00
619,2016-09-20 00:00:00,2016-09-13 00:00:00,2016-08-23 00:00:00
620,2016-09-19 00:00:00,2016-09-12 00:00:00,2016-08-22 00:00:00
621,2016-09-18 00:00:00,2016-09-11 00:00:00,2016-08-21 00:00:00
622,2016-09-17 00:00:00,2016-09-10 00:00:00,2016-08-20 00:00:00
623,2016-09-16 00:00:00,2016-09-09 00:00:00,2016-08-19 00:00:00
624,2016-09-15 00:00:00,2016-09-08 00:00:00,2016-08-18 00:00:00
625,2016-09-14 00:00:00,2016-09-07 00:00:00,2016-08-17 00:00:00
626,2016-09-13 00:00:00,2016-09-06 00:00:00,2016-08-16 00:00:00
627,2016-09-12 00:00:00,2016-09-05 00:00:00,2016-08-15 00:00:00
628,2016-09-11 00:00:00,2016-09-04 00:00:00,2016-08-14 00:00:00
629,2016-09-10 00:00:00,2016-09-03 00:00:00,2016-08-13 00:00:00
630,2016-09-09 00:00:00,2016-09-02 00:00:00,2016-08-12 00:00:00
631,2016-09-08 00:00:00,2016-09-01 00:00:00,2016-08-11 00:00:00
632,2016-09-07 00:00:00,2016-08-31 00:00:00,2016-08-10 00:00:00
633,2016-09-06 00:00:00,2016-08-30 00:00:00,2016-08-09 00:00:00
634,2016-09-05 00:00:00,2016-08-29 00:00:00,2016-08-08 00:00:00
635,2016-09-04 00:00:00,2016-08-28 00:00:00,2016-08-07 00:00:00
636,2016-09-03 00:00:00,2016-08-27 00:00:00,2016-08-06 00:00:00
637,2016-09-02 00:00:00,2016-08-26 00:00:00,2016-08-05 00:00:00
638,2016-09-01 00:00:00,2016-08-25 00:00:00,2016-08-04 00:00:00
639,2016-08-31 00:00:00,2016-08-24 00:00:00,2016-08-03 00:00:00
640,2016-08-30 00:00:00,2016-08-23 00:00:00,2016-08-02 00:00:00
641,2016-08-29 00:00:00,2016-08-22 00:00:00,2016-08-01 00:00:00
642,2016-08-28 00:00:00,2016-08-21 00:00:00,2016-07-31 00:00:00
643,2016-08-27 00:00:00,2016-08-20 00:00:00,2016-07-30 00:00:00
644,2016-08-26 00:00:00,2016-08-19 00:00:00,2016-07-29 00:00:00
645,2016-08-25 00:00:00,2016-08-18 00:00:00,2016-07-28 00:00:00
646,2016-08-24 00:00:00,2016-08-17 00:00:00,2016-07-27 00:00:00
647,2016-08-23 00:00:00,2016-08-16 00:00:00,2016-07-26 00:00:00
648,2016-08-22 00:00:00,2016-08-15 00:00:00,2016-07-25 00:00:00
649,2016-08-21 00:00:00,2016-08-14 00:00:00,2016-07-24 00:00:00
650,2016-08-20 00:00:00,2016-08-13 00:00:00,2016-07-23 00:00:00
651,2016-08-19 00:00:00,2016-08-12 00:00:00,2016-07-22 00:00:00
652,2016-08-18 00:00:00,2016-08-11 00:00:00,2016-07-21 00:00:00
653,2016-08-17 00:00:00,2016-08-10 00:00:00,2016-07-20 00:00:00
654,2016-08-16 00:00:00,2016-08-09 00:00:00,2016-07-19 00:00:00
655,2016-08-15 00:00:00,2016-08-08 00:00:00,2016-07-18 00:00:00
656,2016-08-14 00:00:00,2016-08-07 00:00:00,2016-07-17 00:00:00
657,2016-08-13 00:00:00,2016-08-06 00:00:00,2016-07-16 00:00:00
658,2016-08-12 00:00:00,2016-08-05 00:00:00,2016-07-15 00:00:00
659,2016-08-11 00:00:00,2016-08-04 00:00:00,2016-07-14 00:00:00
660,2016-08-10 00:00:00,2016-08-03 00:00:00,2016-07-13 00:00:00
661,2016-08-09 00:00:00,2016-08-02 00:00:00,2016-07-12 00:00:00
662,2016-08-08 00:00:00,2016-08-01 00:00:00,2016-07-11 00:00:00
663,2016-08-07 00:00:00,2016-07-31 00:00:00,2016-07-10 00:00:00
664,2016-08-06 00:00:00,2016-07-30 00:00:00,2016-07-09 00:00:00
665,2016-08-05 00:00:00,2016-07-29 00:00:00,2016-07-08 00:00:00
666,2016-08-04 00:00:00,2016-07-28 00:00:00,2016-07-07 00:00:00
667,2016-08-03 00:00:00,2016-07-27 00:00:00,2016-07-06 00:00:00
668,2016-08-02 00:00:00,2016-07-26 00:00:00,2016-07-05 00:00:00
669,2016-08-01 00:00:00,2016-07-25 00:00:00,2016-07-04 00:00:00
670,2016-07-31 00:00:00,2016-07-24 00:00:00,2016-07-03 00:00:00
671,2016-07-30 00:00:00,2016-07-23 00:00:00,2016-07-02 00:00:00
672,2016-07-29 00:00:00,2016-07-22 00:00:00,2016-07-01 00:00:00
673,2016-07-28 00:00:00,2016-07-21 00:00:00,2016-06-30 00:00:00
674,2016-07-27 00:00:00,2016-07-20 00:00:00,2016-06-29 00:00:00
675,2016-07-26 00:00:00,2016-07-19 00:00:00,2016-06-28 00:00:00
676,2016-07-25 00:00:00,2016-07-18 00:00:00,2016-06-27 00:00:00
677,2016-07-24 00:00:00,2016-07-17 00:00:00,2016-06-26 00:00:00
678,2016-07-23 00:00:00,2016-07-16 00:00:00,2016-06-25 00:00:00
679,2016-07-22 00:00:00,2016-07-15 00:00:00,2016-06-24 00:00:00
680,2016-07-21 00:00:00,2016-07-14 00:00:00,2016-06-23 00:00:00
681,2016-07-20 00:00:00,2016-07-13 00:00:00,2016-06-22 00:00:00
682,2016-07-19 00:00:00,2016-07-12 00:00:00,2016-06-21 00:00:00
683,2016-07-18 00:00:00,2016-07-11 00:00:00,2016-06-20 00:00:00
684,2016-07-17 00:00:00,2016-07-10 00:00:00,2016-06-19 00:00:00
685,2016-07-16 00:00:00,2016-07-09 00:00:00,2016-06-18 00:00:00
686,2016-07-15 00:00:00,2016-07-08 00:00:00,2016-06-17 00:00:00
687,2016-07-14 00:00:00,2016-07-07 00:00:00,2016-06-16 00:00:00
688,2016-07-13 00:00:00,2016-07-06 00:00:00,2016-06-15 00:00:00
689,2016-07-12 00:00:00,2016-07-05 00:00:00,2016-06-14 00:00:00
690,2016-07-11 00:00:00,2016-07-04 00:00:00,2016-06-13 00:00:00
691,2016-07-10 00:00:00,2016-07-03 00:00:00,2016-06-12 00:00:00
692,2016-07-09 00:00:00,2016-07-02 00:00:00,2016-06-11 00:00:00
693,2016-07-08 00:00:00,2016-07-01 00:00:00,2016-06-10 00:00:00
694,2016-07-07 00:00:00,2016-06-30 00:00:00,2016-06-09 00:00:00
695,2016-07-06 00:00:00,2016-06-29 00:00:00,2016-06-08 00:00:00
696,2016-07-05 00:00:00,2016-06-28 00:00:00,2016-06-07 00:00:00
697,2016-07-04 00:00:00,2016-06-27 00:00:00,2016-06-06 00:00:00
698,2016-07-03 00:00:00,2016-06-26 00:00:00,2016-06-05 00:00:00
699,2016-07-02 00:00:00,2016-06-25 00:00:00,2016-06-04 00:00:00
700,2016-07-01 00:00:00,2016-06-24 00:00:00,2016-06-03 00:00:00
701,2016-06-30 00:00:00,2016-06-23 00:00:00,2016-06-02 00:00:00
702,2016-06-29 00:00:00,2016-06-22 00:00:00,2016-06-01 00:00:00
703,2016-06-28 00:00:00,2016-06-21 00:00:00,2016-05-31 00:00:00
704,2016-06-27 00:00:00,2016-06-20 00:00:00,2016-05-30 00:00:00
705,2016-06-26 00:00:00,2016-06-19 00:00:00,2016-05-29 00:00:00
706,2016-06-25 00:00:00,2016-06-18 00:00:00,2016-05-28 00:00:00
707,2016-06-24 00:00:00,2016-06-17 00:00:00,2016-05-27 00:00:00
708,2016-06-23 00:00:00,2016-06-16 00:00:00,2016-05-26 00:00:00
709,2016-06-22 00:00:00,2016-06-15 00:00:00,2016-05-25 00:00:00
710,2016-06-21 00:00:00,2016-06-14 00:00:00,2016-05-24 00:00:00
711,2016-06-20 00:00:00,2016-06-13 00:00:00,2016-05-23 00:00:00
712,2016-06-19 00:00:00,2016-06-12 00:00:00,2016-05-22 00:00:00
713,2016-06-18 00:00:00,2016-06-11 00:00:00,2016-05-21 00:00:00
714,2016-06-17 00:00:00,2016-06-10 00:00:00,2016-05-20 00:00:00
715,2016-06-16 00:00:00,2016-06-09 00:00:00,2016-05-19 00:00:00
716,2016-06-15 00:00:00,2016-06-08 00:00:00,2016-05-18 00:00:00
717,2016-06-14 00:00:00,2016-06-07 00:00:00,2016-05-17 00:00:00
718,2016-06-13 00:00:00,2016-06-06 00:00:00,2016-05-16 00:00:00
719,2016-06-12 00:00:00,2016-06-05 00:00:00,2016-05-15 00:00:00
720,2016-06-11 00:00:00,2016-06-04 00:00:00,2016-05-14 00:00:00
721,2016-06-10 00:00:00,2016-06-03 00:00:00,2016-05-13 00:00:00
722,2016-06-09 00:00:00,2016-06-02 00:00:00,2016-05-12 00:00:00
723,2016-06-08 00:00:00,2016-06-01 00:00:00,2016-05-11 00:00:00
724,2016-06-07 00:00:00,2016-05-31 00:00:00,2016-05-10 00:00:00
725,2016-06-06 00:00:00,2016-05-30 00:00:00,2016-05-09 00:00:00
726,2016-06-05 00:00:00,2016-05-29 00:00:00,2016-05-08 00:00:00
727,2016-06-04 00:00:00,2016-05-28 00:00:00,2016-05-07 00:00:00
728,2016-06-03 00:00:00,2016-05-27 00:00:00,2016-05-06 00:00:00
729,2016-06-02 00:00:00,2016-05-26 00:00:00,2016-05-05 00:00:00
730,2016-06-01 00:00:00,2016-05-25 00:00:00,2016-05-04 00:00:00
731,2016-05-31 00:00:00,2016-05-24 00:00:00,2016-05-03 00:00:00
732,2016-05-30 00:00:00,2016-05-23 00:00:00,2016-05-02 00:00:00
733,2016-05-29 00:00:00,2016-05-22 00:00:00,2016-05-01 00:00:00
734,2016-05-28 00:00:00,2016-05-21 00:00:00,2016-04-30 00:00:00
735,2016-05-27 00:00:00,2016-05-20 00:00:00,2016-04-29 00:00:00
736,2016-05-26 00:00:00,2016-05-19 00:00:00,2016-04-28 00:00:00
737,2016-05-25 00:00:00,2016-05-18 00:00:00,2016-04-27 00:00:00
738,2016-05-24 00:00:00,2016-05-17 00:00:00,2016-04-26 00:00:00
739,2016-05-23 00:00:00,2016-05-16 00:00:00,2016-04-25 00:00:00
740,2016-05-22 00:00:00,2016-05-15 00:00:00,2016-04-24 00:00:00
741,2016-05-21 00:00:00,2016-05-14 00:00:00,2016-04-23 00:00:00
742,2016-05-20 00:00:00,2016-05-13 00:00:00,2016-04-22 00:00:00
743,2016-05-19 00:00:00,2016-05-12 00:00:00,2016-04-21 00:00:00
744,2016-05-18 00:00:00,2016-05-11 00:00:00,2016-04-20 00:00:00
745,2016-05-17 00:00:00,2016-05-10 00:00:00,2016-04-19 00:00:00
746,2016-05-16 00:00:00,2016-05-09 00:00:00,2016-04-18 00:00:00
747,2016-05-15 00:00:00,2016-05-08 00:00:00,2016-04-17 00:00:00
748,2016-05-14 00:00:00,2016-05-07 00:00:00,2016-04-16 00:00:00
749,2016-05-13 00:00:00,2016-05-06 00:00:00,2016-04-15 00:00:00
750,2016-05-12 00:00:00,2016-05-05 00:00:00,2016-04-14 00:00:00
751,2016-05-11 00:00:00,2016-05-04 00:00:00,2016-04-13 00:00:00
752,2016-05-10 00:00:00,2016-05-03 00:00:00,2016-04-12 00:00:00
753,2016-05-09 00:00:00,2016-05-02 00:00:00,2016-04-11 00:00:00
754,2016-05-08 00:00:00,2016-05-01 00:00:00,2016-04-10 00:00:00
755,2016-05-07 00:00:00,2016-04-30 00:00:00,2016-04-09 00:00:00
756,2016-05-06 00:00:00,2016-04-29 00:00:00,2016-04-08 00:00:00
757,2016-05-05 00:00:00,2016-04-28 00:00:00,2016-04-07 00:00:00
758,2016-05-04 00:00:00,2016-04-27 00:00:00,2016-04-06 00:00:00
759,2016-05-03 00:00:00,2016-04-26 00:00:00,2016-04-05 00:00:00
760,2016-05-02 00:00:00,2016-04-25 00:00:00,2016-04-04 00:00:00
761,2016-05-01 00:00:00,2016-04-24 00:00:00,2016-04-03 00:00:00
762,2016-04-30 00:00:00,2016-04-23 00:00:00,2016-04-02 00:00:00
763,2016-04-29 00:00:00,2016-04-22 00:00:00,2016-04-01 00:00:00
764,2016-04-28 00:00:00,2016-04-21 00:00:00,2016-03-31 00:00:00
765,2016-04-27 00:00:00,2016-04-20 00:00:00,2016-03-30 00:00:00
766,2016-04-26 00:00:00,2016-04-19 00:00:00,2016-03-29 00:00:00
767,2016-04-25 00:00:00,2016-04-18 00:00:00,2016-03-28 00:00:00
768,2016-04-24 00:00:00,2016-04-17 00:00:00,2016-03-27 00:00:00
769,2016-04-23 00:00:00,2016-04-16 00:00:00,2016-03-26 00:00:00
770,2016-04-22 00:00:00,2016-04-15 00:00:00,2016-03-25 00:00:00
771,2016-04-21 00:00:00,2016-04-14 00:00:00,2016-03-24 00:00:00
772,2016-04-20 00:00:00,2016-04-13 00:00:00,2016-03-23 00:00:00
773,2016-04-19 00:00:00,2016-04-12 00:00:00,2016-03-22 00:00:00
774,2016-04-18 00:00:00,2016-04-11 00:00:00,2016-03-21 00:00:00
775,2016-04-17 00:00:00,2016-04-10 00:00:00,2016-03-20 00:00:00
776,2016-04-16 00:00:00,2016-04-09 00:00:00,2016-03-19 00:00:00
777,2016-04-15 00:00:00,2016-04-08 00:00:00,2016-03-18 00:00:00
778,2016-04-14 00:00:00,2016-04-07 00:00:00,2016-03-17 00:00:00
779,2016-04-13 00:00:00,2016-04-06 00:00:00,2016-03-16 00:00:00
780,2016-04-12 00:00:00,2016-04-05 00:00:00,2016-03-15 00:00:00
781,2016-04-11 00:00:00,2016-04-04 00:00:00,2016-03-14 00:00:00
782,2016-04-10 00:00:00,2016-04-03 00:00:00,2016-03-13 00:00:00
783,2016-04-09 00:00:00,2016-04-02 00:00:00,2016-03-12 00:00:00
784,2016-04-08 00:00:00,2016-04-01 00:00:00,2016-03-11 00:00:00
785,2016-04-07 00:00:00,2016-03-31 00:00:00,2016-03-10 00:00:00
786,2016-04-06 00:00:00,2016-03-30 00:00:00,2016-03-09 00:00:00
787,2016-04-05 00:00:00,2016-03-29 00:00:00,2016-03-08 00:00:00
788,2016-04-04 00:00:00,2016-03-28 00:00:00,2016-03-07 00:00:00
789,2016-04-03 00:00:00,2016-03-27 00:00:00,2016-03-06 00:00:00
790,2016-04-02 00:00:00,2016-03-26 00:00:00,2016-03-05 00:00:00
791,2016-04-01 00:00:00,2016-03-25 00:00:00,2016-03-04 00:00:00
792,2016-03-31 00:00:00,2016-03-24 00:00:00,2016-03-03 00:00:00
793,2016-03-30 00:00:00,2016-03-23 00:00:00,2016-03-02 00:00:00
794,2016-03-29 00:00:00,2016-03-22 00:00:00,2016-03-01 00:00:00
795,2016-03-28 00:00:00,2016-03-21 00:00:00,2016-02-29 00:00:00
796,2016-03-27 00:00:00,2016-03-20 00:00:00,2016-02-28 00:00:00
797,2016-03-26 00:00:00,2016-03-19 00:00:00,2016-02-27 00:00:00
798,2016-03-25 00:00:00,2016-03-18 00:00:00,2016-02-26 00:00:00
799,2016-03-24 00:00:00,2016-03-17 00:00:00,2016-02-25 00:00:00
800,2016-03-23 00:00:00,2016-03-16 00:00:00,2016-02-24 00:00:00
801,2016-03-22 00:00:00,2016-03-15 00:00:00,2016-02-23 00:00:00
802,2016-03-21 00:00:00,2016-03-14 00:00:00,2016-02-22 00:00:00
803,2016-03-20 00:00:00,2016-03-13 00:00:00,2016-02-21 00:00:00
804,2016-03-19 00:00:00,2016-03-12 00:00:00,2016-02-20 00:00:00
805,2016-03-18 00:00:00,2016-03-11 00:00:00,2016-02-19 00:00:00
806,2016-03-17 00:00:00,2016-03-10 00:00:00,2016-02-18 00:00:00
807,2016-03-16 00:00:00,2016-03-09 00:00:00,2016-02-17 00:00:00
808,2016-03-15 00:00:00,2016-03-08 00:00:00,2016-02-16 00:00:00
809,2016-03-14 00:00:00,2016-03-07 00:00:00,2016-02-15 00:00:00
810,2016-03-13 00:00:00,2016-03-06 00:00:00,2016-02-14 00:00:00
811,2016-03-12 00:00:00,2016-03-05 00:00:00,2016-02-13 00:00:00
812,2016-03-11 00:00:00,2016-03-04 00:00:00,2016-02-12 00:00:00
813,2016-03-10 00:00:00,2016-03-03 00:00:00,2016-02-11 00:00:00
814,2016-03-09 00:00:00,2016-03-02 00:00:00,2016-02-10 00:00:00
815,2016-03-08 00:00:00,2016-03-01 00:00:00,2016-02-09 00:00:00
816,2016-03-07 00:00:00,2016-02-29 00:00:00,2016-02-08 00:00:00
817,2016-03-06 00:00:00,2016-02-28 00:00:00,2016-02-07 00:00:00
818,2016-03-05 00:00:00,2016-02-27 00:00:00,2016-02-06 00:00:00
819,2016-03-04 00:00:00,2016-02-26 00:00:00,2016-02-05 00:00:00
820,2016-03-03 00:00:00,2016-02-25 00:00:00,2016-02-04 00:00:00
821,2016-03-02 00:00:00,2016-02-24 00:00:00,2016-02-03 00:00:00
822,2016-03-01 00:00:00,2016-02-23 00:00:00,2016-02-02 00:00:00
823,2016-02-29 00:00:00,2016-02-22 00:00:00,2016-02-01 00:00:00
824,2016-02-28 00:00:00,2016-02-21 00:00:00,2016-01-31 00:00:00
825,2016-02-27 00:00:00,2016-02-20 00:00:00,2016-01-30 00:00:00
826,2016-02-26 00:00:00,2016-02-19 00:00:00,2016-01-29 00:00:00
827,2016-02-25 00:00:00,2016-02-18 00:00:00,2016-01-28 00:00:00
828,2016-02-24 00:00:00,2016-02-17 00:00:00,2016-01-27 00:00:00
829,2016-02-23 00:00:00,2016-02-16 00:00:00,2016-01-26 00:00:00
830,2016-02-22 00:00:00,2016-02-15 00:00:00,2016-01-25 00:00:00
831,2016-02-21 00:00:00,2016-02-14 00:00:00,2016-01-24 00:00:00
832,2016-02-20 00:00:00,2016-02-13 00:00:00,2016-01-23 00:00:00
833,2016-02-19 00:00:00,2016-02-12 00:00:00,2016-01-22 00:00:00
834,2016-02-18 00:00:00,2016-02-11 00:00:00,2016-01-21 00:00:00
835,2016-02-17 00:00:00,2016-02-10 00:00:00,2016-01-20 00:00:00
836,2016-02-16 00:00:00,2016-02-09 00:00:00,2016-01-19 00:00:00
837,2016-02-15 00:00:00,2016-02-08 00:00:00,2016-01-18 00:00:00
838,2016-02-14 00:00:00,2016-02-07 00:00:00,2016-01-17 00:00:00
839,2016-02-13 00:00:00,2016-02-06 00:00:00,2016-01-16 00:00:00
840,2016-02-12 00:00:00,2016-02-05 00:00:00,2016-01-15 00:00:00
841,2016-02-11 00:00:00,2016-02-04 00:00:00,2016-01-14 00:00:00
842,2016-02-10 00:00:00,2016-02-03 00:00:00,2016-01-13 00:00:00
843,2016-02-09 00:00:00,2016-02-02 00:00:00,2016-01-12 00:00:00
844,2016-02-08 00:00:00,2016-02-01 00:00:00,2016-01-11 00:00:00
845,2016-02-07 00:00:00,2016-01-31 00:00:00,2016-01-10 00:00:00
846,2016-02-06 00:00:00,2016-01-30 00:00:00,2016-01-09 00:00:00
847,2016-02-05 00:00:00,2016-01-29 00:00:00,2016-01-08 00:00:00
848,2016-02-04 00:00:00,2016-01-28 00:00:00,2016-01-07 00:00:00
849,2016-02-03 00:00:00,2016-01-27 00:00:00,2016-01-06 00:00:00
850,2016-02-02 00:00:00,2016-01-26 00:00:00,2016-01-05 00:00:00
851,2016-02-01 00:00:00,2016-01-25 00:00:00,2016-01-04 00:00:00
852,2016-01-31 00:00:00,2016-01-24 00:00:00,2016-01-03 00:00:00
853,2016-01-30 00:00:00,2016-01-23 00:00:00,2016-01-02 00:00:00
854,2016-01-29 00:00:00,2016-01-22 00:00:00,2016-01-01 00:00:00
855,2016-01-28 00:00:00,2016-01-21 00:00:00,2015-12-31 00:00:00
856,2016-01-27 00:00:00,2016-01-20 00:00:00,2015-12-30 00:00:00
857,2016-01-26 00:00:00,2016-01-19 00:00:00,2015-12-29 00:00:00
858,2016-01-25 00:00:00,2016-01-18 00:00:00,2015-12-28 00:00:00
859,2016-01-24 00:00:00,2016-01-17 00:00:00,2015-12-27 00:00:00
860,2016-01-23 00:00:00,2016-01-16 00:00:00,2015-12-26 00:00:00
861,2016-01-22 00:00:00,2016-01-15 00:00:00,2015-12-25 00:00:00
862,2016-01-21 00:00:00,2016-01-14 00:00:00,2015-12-24 00:00:00
863,2016-01-20 00:00:00,2016-01-13 00:00:00,2015-12-23 00:00:00
864,2016-01-19 00:00:00,2016-01-12 00:00:00,2015-12-22 00:00:00
865,2016-01-18 00:00:00,2016-01-11 00:00:00,2015-12-21 00:00:00
866,2016-01-17 00:00:00,2016-01-10 00:00:00,2015-12-20 00:00:00
867,2016-01-16 00:00:00,2016-01-09 00:00:00,2015-12-19 00:00:00
868,2016-01-15 00:00:00,2016-01-08 00:00:00,2015-12-18 00:00:00
869,2016-01-14 00:00:00,2016-01-07 00:00:00,2015-12-17 00:00:00
870,2016-01-13 00:00:00,2016-01-06 00:00:00,2015-12-16 00:00:00
871,2016-01-12 00:00:00,2016-01-05 00:00:00,2015-12-15 00:00:00
872,2016-01-11 00:00:00,2016-01-04 00:00:00,2015-12-14 00:00:00
873,2016-01-10 00:00:00,2016-01-03 00:00:00,2015-12-13 00:00:00
874,2016-01-09 00:00:00,2016-01-02 00:00:00,2015-12-12 00:00:00
875,2016-01-08 00:00:00,2016-01-01 00:00:00,2015-12-11 00:00:00
876,2016-01-07 00:00:00,2015-12-31 00:00:00,2015-12-10 00:00:00
877,2016-01-06 00:00:00,2015-12-30 00:00:00,2015-12-09 00:00:00
878,2016-01-05 00:00:00,2015-12-29 00:00:00,2015-12-08 00:00:00
879,2016-01-04 00:00:00,2015-12-28 00:00:00,2015-12-07 00:00:00
880,2016-01-03 00:00:00,2015-12-27 00:00:00,2015-12-06 00:00:00
881,2016-01-02 00:00:00,2015-12-26 00:00:00,2015-12-05 00:00:00
882,2016-01-01 00:00:00,2015-12-25 00:00:00,2015-12-04 00:00:00
883,2015-12-31 00:00:00,2015-12-24 00:00:00,2015-12-03 00:00:00
884,2015-12-30 00:00:00,2015-12-23 00:00:00,2015-12-02 00:00:00
885,2015-12-29 00:00:00,2015-12-22 00:00:00,2015-12-01 00:00:00
886,2015-12-28 00:00:00,2015-12-21 00:00:00,2015-11-30 00:00:00
887,2015-12-27 00:00:00,2015-12-20 00:00:00,2015-11-29 00:00:00
888,2015-12-26 00:00:00,2015-12-19 00:00:00,2015-11-28 00:00:00
889,2015-12-25 00:00:00,2015-12-18 00:00:00,2015-11-27 00:00:00
890,2015-12-24 00:00:00,2015-12-17 00:00:00,2015-11-26 00:00:00
891,2015-12-23 00:00:00,2015-12-16 00:00:00,2015-11-25 00:00:00
892,2015-12-22 00:00:00,2015-12-15 00:00:00,2015-11-24 00:00:00
893,2015-12-21 00:00:00,2015-12-14 00:00:00,2015-11-23 00:00:00
894,2015-12-20 00:00:00,2015-12-13 00:00:00,2015-11-22 00:00:00
895,2015-12-19 00:00:00,2015-12-12 00:00:00,2015-11-21 00:00:00
896,2015-12-18 00:00:00,2015-12-11 00:00:00,2015-11-20 00:00:00
897,2015-12-17 00:00:00,2015-12-10 00:00:00,2015-11-19 00:00:00
898,2015-12-16 00:00:00,2015-12-09 00:00:00,2015-11-18 00:00:00
899,2015-12-15 00:00:00,2015-12-08 00:00:00,2015-11-17 00:00:00
900,2015-12-14 00:00:00,2015-12-07 00:00:00,2015-11-16 00:00:00
901,2015-12-13 00:00:00,2015-12-06 00:00:00,2015-11-15 00:00:00
902,2015-12-12 00:00:00,2015-12-05 00:00:00,2015-11-14 00:00:00
903,2015-12-11 00:00:00,2015-12-04 00:00:00,2015-11-13 00:00:00
904,2015-12-10 00:00:00,2015-12-03 00:00:00,2015-11-12 00:00:00
905,2015-12-09 00:00:00,2015-12-02 00:00:00,2015-11-11 00:00:00
906,2015-12-08 00:00:00,2015-12-01 00:00:00,2015-11-10 00:00:00
907,2015-12-07 00:00:00,2015-11-30 00:00:00,2015-11-09 00:00:00
908,2015-12-06 00:00:00,2015-11-29 00:00:00,2015-11-08 00:00:00
909,2015-12-05 00:00:00,2015-11-28 00:00:00,2015-11-07 00:00:00
910,2015-12-04 00:00:00,2015-11-27 00:00:00,2015-11-06 00:00:00
911,2015-12-03 00:00:00,2015-11-26 00:00:00,2015-11-05 00:00:00
912,2015-12-02 00:00:00,2015-11-25 00:00:00,2015-11-04 00:00:00
913,2015-12-01 00:00:00,2015-11-24 00:00:00,2015-11-03 00:00:00
914,2015-11-30 00:00:00,2015-11-23 00:00:00,2015-11-02 00:00:00
915,2015-11-29 00:00:00,2015-11-22 00:00:00,2015-11-01 00:00:00
916,2015-11-28 00:00:00,2015-11-21 00:00:00,2015-10-31 00:00:00
917,2015-11-27 00:00:00,2015-11-20 00:00:00,2015-10-30 00:00:00
918,2015-11-26 00:00:00,2015-11-19 00:00:00,2015-10-29 00:00:00
919,2015-11-25 00:00:00,2015-11-18 00:00:00,2015-10-28 00:00:00
920,2015-11-24 00:00:00,2015-11-17 00:00:00,2015-10-27 00:00:00
921,2015-11-23 00:00:00,2015-11-16 00:00:00,2015-10-26 00:00:00
922,2015-11-22 00:00:00,2015-11-15 00:00:00,2015-10-25 00:00:00
923,2015-11-21 00:00:00,2015-11-14 00:00:00,2015-10-24 00:00:00
924,2015-11-20 00:00:00,2015-11-13 00:00:00,2015-10-23 00:00:00
925,2015-11-19 00:00:00,2015-11-12 00:00:00,2015-10-22 00:00:00
926,2015-11-18 00:00:00,2015-11-11 00:00:00,2015-10-21 00:00:00
927,2015-11-17 00:00:00,2015-11-10 00:00:00,2015-10-20 00:00:00
928,2015-11-16 00:00:00,2015-11-09 00:00:00,2015-10-19 00:00:00
929,2015-11-15 00:00:00,2015-11-08 00:00:00,2015-10-18 00:00:00
930,2015-11-14 00:00:00,2015-11-07 00:00:00,2015-10-17 00:00:00
931,2015-11-13 00:00:00,2015-11-06 00:00:00,2015-10-16 00:00:00
932,2015-11-12 00:00:00,2015-11-05 00:00:00,2015-10-15 00:00:00
933,2015-11-11 00:00:00,2015-11-04 00:00:00,2015-10-14 00:00:00
934,2015-11-10 00:00:00,2015-11-03 00:00:00,2015-10-13 00:00:00
935,2015-11-09 00:00:00,2015-11-02 00:00:00,2015-10-12 00:00:00
936,2015-11-08 00:00:00,2015-11-01 00:00:00,2015-10-11 00:00:00
937,2015-11-07 00:00:00,2015-10-31 00:00:00,2015-10-10 00:00:00
938,2015-11-06 00:00:00,2015-10-30 00:00:00,2015-10-09 00:00:00
939,2015-11-05 00:00:00,2015-10-29 00:00:00,2015-10-08 00:00:00
940,2015-11-04 00:00:00,2015-10-28 00:00:00,2015-10-07 00:00:00
941,2015-11-03 00:00:00,2015-10-27 00:00:00,2015-10-06 00:00:00
942,2015-11-02 00:00:00,2015-10-26 00:00:00,2015-10-05 00:00:00
943,2015-11-01 00:00:00,2015-10-25 00:00:00,2015-10-04 00:00:00
944,2015-10-31 00:00:00,2015-10-24 00:00:00,2015-10-03 00:00:00
945,2015-10-30 00:00:00,2015-10-23 00:00:00,2015-10-02 00:00:00
946,2015-10-29 00:00:00,2015-10-22 00:00:00,2015-10-01 00:00:00
947,2015-10-28 00:00:00,2015-10-21 00:00:00,2015-09-30 00:00:00
948,2015-10-27 00:00:00,2015-10-20 00:00:00,2015-09-29 00:00:00
949,2015-10-26 00:00:00,2015-10-19 00:00:00,2015-09-28 00:00:00
950,2015-10-25 00:00:00,2015-10-18 00:00:00,2015-09-27 00:00:00
951,2015-10-24 00:00:00,2015-10-17 00:00:00,2015-09-26 00:00:00
952,2015-10-23 00:00:00,2015-10-16 00:00:00,2015-09-25 00:00:00
953,2015-10-22 00:00:00,2015-10-15 00:00:00,2015-09-24 00:00:00
954,2015-10-21 00:00:00,2015-10-14 00:00:00,2015-09-23 00:00:00
955,2015-10-20 00:00:00,2015-10-13 00:00:00,2015-09-22 00:00:00
956,2015-10-19 00:00:00,2015-10-12 00:00:00,2015-09-21 00:00:00
957,2015-10-18 00:00:00,2015-10-11 00:00:00,2015-09-20 00:00:00
958,2015-10-17 00:00:00,2015-10-10 00:00:00,2015-09-19 00:00:00
959,2015-10-16 00:00:00,2015-10-09 00:00:00,2015-09-18 00:00:00
960,2015-10-15 00:00:00,2015-10-08 00:00:00,2015-09-17 00:00:00
961,2015-10-14 00:00:00,2015-10-07 00:00:00,2015-09-16 00:00:00
962,2015-10-13 00:00:00,2015-10-06 00:00:00,2015-09-15 00:00:00
963,2015-10-12 00:00:00,2015-10-05 00:00:00,2015-09-14 00:00:00
964,2015-10-11 00:00:00,2015-10-04 00:00:00,2015-09-13 00:00:00
965,2015-10-10 00:00:00,2015-10-03 00:00:00,2015-09-12 00:00:00
966,2015-10-09 00:00:00,2015-10-02 00:00:00,2015-09-11 00:00:00
967,2015-10-08 00:00:00,2015-10-01 00:00:00,2015-09-10 00:00:00
968,2015-10-07 00:00:00,2015-09-30 00:00:00,2015-09-09 00:00:00
969,2015-10-06 00:00:00,2015-09-29 00:00:00,2015-09-08 00:00:00
970,2015-10-05 00:00:00,2015-09-28 00:00:00,2015-09-07 00:00:00
971,2015-10-04 00:00:00,2015-09-27 00:00:00,2015-09-06 00:00:00
972,2015-10-03 00:00:00,2015-09-26 00:00:00,2015-09-05 00:00:00
973,2015-10-02 00:00:00,2015-09-25 00:00:00,2015-09-04 00:00:00
974,2015-10-01 00:00:00,2015-09-24 00:00:00,2015-09-03 00:00:00
975,2015-09-30 00:00:00,2015-09-23 00:00:00,2015-09-02 00:00:00
976,2015-09-29 00:00:00,2015-09-22 00:00:00,2015-09-01 00:00:00
977,2015-09-28 00:00:00,2015-09-21 00:00:00,2015-08-31 00:00:00
978,2015-09-27 00:00:00,2015-09-20 00:00:00,2015-08-30 00:00:00
979,2015-09-26 00:00:00,2015-09-19 00:00:00,2015-08-29 00:00:00
980,2015-09-25 00:00:00,2015-09-18 00:00:00,2015-08-28 00:00:00
981,2015-09-24 00:00:00,2015-09-17 00:00:00,2015-08-27 00:00:00
982,2015-09-23 00:00:00,2015-09-16 00:00:00,2015-08-26 00:00:00
983,2015-09-22 00:00:00,2015-09-15 00:00:00,2015-08-25 00:00:00
984,2015-09-21 00:00:00,2015-09-14 00:00:00,2015-08-24 00:00:00
985,2015-09-20 00:00:00,2015-09-13 00:00:00,2015-08-23 00:00:00
986,2015-09-19 00:00:00,2015-09-12 00:00:00,2015-08-22 00:00:00
987,2015-09-18 00:00:00,2015-09-11 00:00:00,2015-08-21 00:00:00
988,2015-09-17 00:00:00,2015-09-10 00:00:00,2015-08-20 00:00:00
989,2015-09-16 00:00:00,2015-09-09 00:00:00,2015-08-19 00:00:00
990,2015-09-15 00:00:00,2015-09-08 00:00:00,2015-08-18 00:00:00
991,2015-09-14 00:00:00,2015-09-07 00:00:00,2015-08-17 00:00:00
992,2015-09-13 00:00:00,2015-09-06 00:00:00,2015-08-16 00:00:00
993,2015-09-12 00:00:00,2015-09-05 00:00:00,2015-08-15 00:00:00
994,2015-09-11 00:00:00,2015-09-04 00:00:00,2015-08-14 00:00:00
995,2015-09-10 00:00:00,2015-09-03 00:00:00,2015-08-13 00:00:00
996,2015-09-09 00:00:00,2015-09-02 00:00:00,2015-08-12 00:00:00
997,2015-09-08 00:00:00,2015-09-01 00:00:00,2015-08-11 00:00:00
998,2015-09-07 00:00:00,2015-08-31 00:00:00,2015-08-10 00:00:00
999,2015-09-06 00:00:00,2015-08-30 00:00:00,2015-08-09 00:00:00
