,event_id,event_time,user_id,event_name,platform,parameter_name,parameter_value
0,b9de71c5c3cc4cd7a97e50b832106e5a,2017-06-26 11:23:39,178481.0,view_item,android,item_id,3526
1,23267713c9ea44419331731f50b6a8db,2017-06-27 10:46:39,178481.0,view_item,android,item_id,1514
2,1b7822fa7b854e01970218ae8f721fe0,2017-06-27 11:15:39,178481.0,view_item,android,item_id,3712
3,2a7a188a626841ac94befcc419f06af4,2016-10-05 20:43:10,154133.0,view_item,android,item_id,3586
4,631d657264cc4616a4528f759509b25d,2016-10-04 03:29:10,154133.0,view_item,android,item_id,1061
5,05e4df2fa9044bf9a49a7351fdd4a6cd,2016-07-21 01:17:43,119514.0,view_item,web,item_id,550
6,22d3cdd566534fbdaa5e2982c1e64a75,2016-11-24 12:10:06,164581.0,view_item,web,item_id,982
7,cb0c825fe3804f42b602106580845b88,2016-11-23 21:13:06,164581.0,view_item,web,item_id,858
8,181f7f97ab10440fb444810e085ded46,2016-11-25 20:06:06,164581.0,view_item,web,item_id,3363
9,bbbd68b2dbd04ecabacaa00e130a52f9,2018-02-06 06:19:55,232806.0,view_item,web,item_id,2344
10,ad4333481e374653b0d394c007a8e3af,2018-02-05 10:32:55,232806.0,view_item,web,item_id,1596
11,bb29681c33344638b8e50c0fe3d60c95,2018-02-07 09:21:55,232806.0,view_item,web,item_id,2423
12,02e33f30c9bc42ed8f0b86e74ecd3318,2018-02-08 09:24:55,232806.0,view_item,web,item_id,2256
13,bf7e03cf70d14891881ed25de5dddde3,2015-12-07 02:32:01,90044.0,view_item,web,item_id,1637
14,1a70fca7a1bc44d29b951090c96e6e5b,2015-12-08 06:23:01,90044.0,view_item,web,item_id,3667
15,14bcc92d0837484eb3e07d4be0102be2,2017-11-16 04:31:56,221881.0,view_item,web,item_id,1757
16,da1efe2d31474bc0bb903eb714515d8d,2017-11-14 13:55:56,221881.0,view_item,web,item_id,467
17,e084b2695f734bc3b3ee5b79e93d67f7,2017-11-17 05:21:56,221881.0,view_item,web,item_id,377
18,0b71386827ee41d6b11d761979f62121,2017-11-17 06:16:56,221881.0,view_item,web,item_id,3033
19,bca68e29c6e6487aa3b0f98c7bcfbe13,2015-06-26 08:38:49,73539.0,view_item,mobile web,item_id,266
20,0da0b825ef22452d891453fbf318ec19,2015-06-26 14:27:49,73539.0,view_item,mobile web,item_id,3330
21,f318394a225e42c2a8a4d395f58785b3,2015-06-26 18:35:49,73539.0,view_item,mobile web,item_id,3254
22,c59c89c720f94575a4ce68a1f87e52a9,2015-06-24 05:08:49,73539.0,view_item,mobile web,item_id,3904
23,2554b1e5a2c24e60b49a2e8f443fd60e,2015-08-02 07:45:08,72243.0,view_item,mobile web,item_id,2321
24,0fb7065155394dc3ba90c6c554dbe8d5,2016-03-03 07:13:36,108121.0,view_item,web,item_id,332
25,fdbc95f4e3644a7caf0a3e143b42bfb3,2016-03-03 18:31:36,108121.0,view_item,web,item_id,1132
26,d95c6b4a451041b381765f2341ab417e,2015-05-05 00:14:39,52574.0,view_item,web,item_id,1755
27,61c7273156eb48f6ab4f219d548d9b78,2015-05-04 05:27:39,52574.0,view_item,web,item_id,759
28,f487bf2110f44efe9b3bb064ea0efdf2,2015-05-04 22:16:39,52574.0,view_item,web,item_id,2596
29,5027f5e7dd3c453fa0eabe11a5466103,2014-12-20 05:23:12,49657.0,view_item,web,item_id,471
30,a8acb5c05d774a9183c1eb363d9e5f76,2017-10-16 14:00:34,207594.0,view_item,web,item_id,3629
31,52899863d8ae4a479f933cfce6a31182,2017-10-18 06:59:34,207594.0,view_item,web,item_id,3057
32,295972e09b134213a6b74e0b3a8543d4,2014-07-22 22:36:34,32499.0,view_item,mobile web,item_id,3736
33,701b0d5eecf7475db7e77d2dee83e83d,2014-07-23 02:26:34,32499.0,view_item,mobile web,item_id,2417
34,fd94a9d2379847c3bba61f4805437aeb,2017-04-10 21:24:23,185468.0,view_item,web,item_id,936
35,50d429a07d844cd8828834cd4b3f5780,2017-04-08 14:39:23,185468.0,view_item,web,item_id,3455
36,fa84371a3e0a436283cb31d0588ebf6c,2017-04-09 03:43:23,185468.0,view_item,web,item_id,2425
37,bde0190429054d8daed8ef4571b8c626,2017-04-08 01:10:23,185468.0,view_item,web,item_id,771
38,e8b3c6358f924cf3912f9a0b88758d5f,2016-04-12 10:49:42,96931.0,view_item,web,item_id,1533
39,3018677b46514e018a40bc2aeac6390d,2016-04-11 00:34:42,96931.0,view_item,web,item_id,2362
40,9f703a48d3314da7977922ff62166cb1,2016-04-12 19:54:42,96931.0,view_item,web,item_id,1953
41,53bdc72a21184102a763251a76695d38,2016-04-11 18:44:41,116901.0,view_item,mobile web,item_id,2535
42,8d620bf574464b1ead59eacbc4ae877f,2016-04-14 04:37:41,116901.0,view_item,mobile web,item_id,2589
43,46388c1e77694d69a686fbf523e96066,2016-04-12 09:48:41,116901.0,view_item,mobile web,item_id,943
44,dde18e8c56e241d3964c97f4f27f2feb,2013-11-06 02:57:17,5735.0,view_item,android,item_id,2580
45,1eb3d33425174852b895aa75cc94342c,2016-10-12 18:00:56,133645.0,view_item,web,item_id,2842
46,16b2364a9f084056af2e5ca8938e3657,2018-01-11 13:05:53,219559.0,view_item,web,item_id,3051
47,840d61aa62254e16bb2ce226c3bffc26,2018-01-10 11:19:53,219559.0,view_item,web,item_id,580
48,e726168a078b4769bc1da69c8331390b,2018-01-11 08:33:53,219559.0,view_item,web,item_id,3096
49,3eace251b37c4324afd006b5a771619f,2018-01-13 02:41:53,219559.0,view_item,web,item_id,3965
50,c20929d2c8da455eb7a88d98dfc7e035,2015-12-31 00:18:47,95287.0,view_item,web,item_id,1603
51,e356ed39bdee4803b66cdc5317ea03e4,2016-01-02 05:27:47,95287.0,view_item,web,item_id,52
52,f5390ab57b35486286e6a54c821e6076,2016-01-02 19:10:47,95287.0,view_item,web,item_id,3391
53,f0da75d1083742249a0561f6c79a81e0,2016-01-02 16:48:47,95287.0,view_item,web,item_id,918
54,d67736607b8d4cbebd2e3ae400444ce5,2017-12-21 18:30:26,251476.0,view_item,iOS,item_id,1896
55,946526ff0eb94fed98079945d9737e0b,2017-12-23 20:34:26,251476.0,view_item,iOS,item_id,2152
56,b5677d5a331247b0b867381c0702c0eb,2016-04-29 05:25:04,92894.0,view_item,web,item_id,2241
57,336b3def231b466c91474122eb04b0ce,2016-04-28 08:53:04,92894.0,view_item,web,item_id,3142
58,fd0224001fc04d03bcf1ffedfabc5302,2016-10-08 01:47:21,135677.0,view_item,android,item_id,2899
59,efea6abbe860477e9b5291090cd87471,2016-01-06 10:12:21,109381.0,view_item,web,item_id,2440
60,3fb7a8907f414442ab39573013f4404f,2016-01-06 07:51:21,109381.0,view_item,web,item_id,2512
61,30f4cd754d7c419dbec4929cc4ae7e42,2018-03-12 07:24:54,251250.0,view_item,web,item_id,1171
62,a9c1a8351fd94685ba87c38bc186ce70,2018-03-09 13:32:54,251250.0,view_item,web,item_id,3904
63,ef76fba47eb849d18d049c4c6ada9940,2018-03-11 18:15:54,251250.0,view_item,web,item_id,2454
64,bd1620a381cf442f84323e0976f2224a,2018-03-10 12:19:54,251250.0,view_item,web,item_id,2590
65,ff6fbc470c324eeba95d37af9e2f7961,2018-04-01 19:51:30,269204.0,view_item,web,item_id,3207
66,32da3179f86546beabc5cc33f7886f9d,2018-04-03 00:48:30,269204.0,view_item,web,item_id,371
67,cfa2f7ff0a3c4f16a07f5f1613a28ca6,2018-04-01 20:13:30,269204.0,view_item,web,item_id,3947
68,eaa2b8c34b34400b85e9dd2d7cf4b62f,2018-04-02 01:43:30,269204.0,view_item,web,item_id,1037
69,ccfb081ebbf14100a4bd441e16a72f05,2015-02-03 22:22:23,56056.0,view_item,iOS,item_id,1683
70,338328451268409f85130b7505934b6c,2016-10-02 08:48:02,126302.0,view_item,web,item_id,2174
71,8c3ff296e9cf42cba8143453bec4ff3d,2013-11-09 19:19:52,10358.0,view_item,web,item_id,1163
72,8963d4fe37f5452aa2a450bf73999e30,2014-09-26 21:45:05,26011.0,view_item,web,item_id,3814
73,77006b1467934affb55ab48ab51dcf84,2014-09-26 00:39:05,26011.0,view_item,web,item_id,1166
74,9bef3f62c7a84ce9a6ff87c3d308b957,2017-04-07 00:45:39,188732.0,view_item,web,item_id,3978
75,cfd5ca1e49e74d33ac9d84683b015d32,2017-04-06 11:31:39,188732.0,view_item,web,item_id,1741
76,ffc82283bb1e4096990f0d29c0bb84b2,2017-04-09 14:51:39,188732.0,view_item,web,item_id,2182
77,0df75de99a5e40c9a7d625b255cab0e0,2017-08-20 23:24:20,226006.0,view_item,iOS,item_id,3841
78,de55dce81dad4749b22ba0c4af6faa2b,2017-08-18 10:12:20,226006.0,view_item,iOS,item_id,67
79,f32546de763a4ea094b9ff83e688f7b8,2017-08-20 09:47:20,226006.0,view_item,iOS,item_id,1474
80,3370305126384805b890998847210b13,2017-08-20 21:46:20,226006.0,view_item,iOS,item_id,475
81,2d318a0fa0f5409aad8b6aa222980d14,2014-04-12 21:17:57,11244.0,view_item,web,item_id,404
82,140a3245d5504e808cff4b30422ce286,2014-04-11 15:40:57,11244.0,view_item,web,item_id,2996
83,c4621a52936e459d8e5cec73c17a59b0,2014-04-14 20:21:57,11244.0,view_item,web,item_id,3994
84,c70db1ee1ba0403182549cf003b02b95,2017-11-18 03:02:41,203651.0,view_item,android,item_id,3831
85,65872c29b601401fb5623c1e93520385,2017-11-16 01:04:41,203651.0,view_item,android,item_id,1530
86,4e58f5ca01d94af593f7d6b8bcec69d3,2017-11-17 16:39:41,203651.0,view_item,android,item_id,3188
87,a97a98f16326447a90f784e6ecd4fccc,2017-11-15 03:57:41,203651.0,view_item,android,item_id,217
88,496165e41ea1482381c2d207a21354a5,2018-03-28 16:04:18,265315.0,view_item,web,item_id,283
89,ef20a84c43a24cd7a2c3d0a6c00dd9a2,2018-03-31 02:14:18,265315.0,view_item,web,item_id,3987
90,87f18e75ec9340af908ebd186ad4af60,2018-03-30 01:07:18,265315.0,view_item,web,item_id,1902
91,454503ed39094bb78098f4a74db3cb6c,2018-03-28 17:33:18,265315.0,view_item,web,item_id,835
92,6d1592bff5604d939fae7c83393f8951,2014-04-03 00:28:26,16693.0,view_item,web,item_id,2079
93,a27177242dde415bae6ee3f9376ffa68,2014-04-05 17:37:26,16693.0,view_item,web,item_id,217
94,de285506a4fb41778d9e74bc58250af2,2014-04-05 11:11:26,16693.0,view_item,web,item_id,3673
95,3e79f24b4f184747933e6ee9c517d1eb,2016-05-05 22:48:49,109927.0,view_item,web,item_id,511
96,462282252e3443d69b6a2933fe825f70,2016-05-06 23:40:49,109927.0,view_item,web,item_id,1132
97,77f2e1ef084a410a8ce9a8f50dd8ddd8,2016-05-06 01:37:49,109927.0,view_item,web,item_id,2949
98,27f983d223dc4a8797eb6742d680140d,2016-05-04 20:12:49,109927.0,view_item,web,item_id,2568
99,ea637978379c49738750dc1b8436b9c7,2018-01-07 12:51:45,243114.0,view_item,web,item_id,2691
100,887ace793bf3419688e8033b7b9ee591,2018-01-07 19:52:45,243114.0,view_item,web,item_id,1327
101,bd0f23b0e5cf40d2a5a2b1e3cd2c0489,2018-01-07 05:52:45,243114.0,view_item,web,item_id,2210
102,b7786b880947432bbc953432eea1162d,2015-07-27 05:21:33,73921.0,view_item,web,item_id,1953
103,468bf02c3e4a4aef94f2a1dae86de008,2015-07-26 23:42:33,73921.0,view_item,web,item_id,3847
104,783c7928ff414c458f9a20bd04578e6d,2015-07-26 22:10:33,73921.0,view_item,web,item_id,3146
105,d602dd7546da4e92914afef5d5a21c5c,2015-07-25 23:16:33,73921.0,view_item,web,item_id,3120
106,3d17cef7150d413fae17fb884d206383,2016-11-07 03:17:20,134454.0,view_item,web,item_id,1273
107,f3e935dc6fc04155bec0ea2feb50f42e,2016-11-08 10:43:20,134454.0,view_item,web,item_id,2328
108,674eff1f25204f6b932ef0f5a72bf174,2016-11-06 00:12:20,134454.0,view_item,web,item_id,1007
109,3e554f8011964f4186b06e670a33b25a,2016-11-06 05:59:20,134454.0,view_item,web,item_id,267
110,05aec475712443a898ea89b2b73f8497,2013-11-09 22:37:57,5948.0,view_item,web,item_id,1409
111,d0be5a7af54e4b34a2bd9d82aa654015,2013-11-11 04:41:57,5948.0,view_item,web,item_id,1994
112,f8563221a0b0400494e9a90fbb826810,2013-11-10 19:25:57,5948.0,view_item,web,item_id,680
113,4f4ad5e8745c488d8759faf77365841e,2013-11-12 11:20:57,5948.0,view_item,web,item_id,2013
114,583d16531af04482b8490947b1e885e1,2014-12-11 13:50:51,35952.0,view_item,web,item_id,30
115,fda1857a83644ec0ae7b09a508f3955f,2014-12-13 06:00:51,35952.0,view_item,web,item_id,1294
116,9e438bdc97524360ab560d2b85268705,2015-04-02 02:44:53,55695.0,view_item,mobile web,item_id,360
117,7148701386fe470ebef46ad0a2fb0609,2015-04-01 14:28:53,55695.0,view_item,mobile web,item_id,501
118,5c6d80ed416449de8c265974c0a9f9eb,2014-11-15 21:29:11,47342.0,view_item,web,item_id,3625
119,73401da803ba4895afb0bbfb2f0838db,2014-11-16 11:11:11,47342.0,view_item,web,item_id,367
120,2b0fc8bd74284711bf98198e50c9c49b,2014-11-15 14:32:11,47342.0,view_item,web,item_id,2577
121,6a43454572ef4efd99aa09f8bb130588,2014-11-18 22:16:11,47342.0,view_item,web,item_id,1490
122,4d83e4a34ec9417588bedad45274cb50,2017-02-15 02:21:51,150636.0,view_item,web,item_id,1189
123,e69eb888ed0e401ca484fae1ff0cff8c,2017-02-14 06:06:51,150636.0,view_item,web,item_id,3498
124,fc730800728c46eeb783a9b12c82c4d1,2017-02-15 17:33:51,150636.0,view_item,web,item_id,1772
125,b610aab2f5f2490fa26fffcdd2494e81,2017-02-17 13:28:51,150636.0,view_item,web,item_id,1796
126,a59f1d1045144484acfba9d1242eee32,2017-12-19 04:44:37,233556.0,view_item,web,item_id,1511
127,659eefebe98a48b982990ebda3519521,2017-12-20 17:52:37,233556.0,view_item,web,item_id,2600
128,4d23553563184e69b82b398fba8fb143,2017-12-19 19:52:37,233556.0,view_item,web,item_id,201
129,1cce4bb7872948c5af4dd43869af946f,2017-12-20 06:35:37,233556.0,view_item,web,item_id,1319
130,da266492a45648dba0460faa67a6ea7c,2017-02-13 01:28:20,173231.0,view_item,android,item_id,2967
131,a5f9e1702bda4818942e59fc2f3ff5d3,2017-02-12 15:42:20,173231.0,view_item,android,item_id,1121
132,3ce2bc15bbe84800a6029d3f2701ecea,2015-03-22 05:01:26,41070.0,view_item,web,item_id,228
133,c9e7925150fd433caf4b17ba0ea968f0,2015-03-21 17:10:26,41070.0,view_item,web,item_id,3497
134,d2f0bd9884304b12bae0ac17fcb3582a,2015-03-22 20:02:26,41070.0,view_item,web,item_id,612
135,5a48c916191c4524b7770a3b4005d46f,2014-07-11 10:39:28,25305.0,view_item,mobile web,item_id,3509
136,f60ba3c29e364cb7ae0ed00bafd07955,2014-07-09 23:16:28,25305.0,view_item,mobile web,item_id,1540
137,2ef157563385429a9cf7838c090b61de,2017-12-03 05:18:41,222449.0,view_item,android,item_id,1685
138,1549116b8361437d9af062e6ec9a1c89,2017-12-30 00:34:50,240063.0,view_item,mobile web,item_id,1207
139,ec35844e486440498b33f43855e149bb,2018-05-10 20:54:48,279997.0,view_item,web,item_id,1357
140,bafa03a9224c441bb3571e43a3e04b04,2016-11-23 19:02:01,170072.0,view_item,web,item_id,3160
141,513f78b8cdde43b0b9362f214e136e04,2016-11-24 17:04:01,170072.0,view_item,web,item_id,3244
142,c4018a30dc224f5bbd328a64b7def2b7,2016-11-24 14:23:01,170072.0,view_item,web,item_id,3952
143,2110bc189c06486fa6adb63d318204b8,2016-11-22 00:14:01,170072.0,view_item,web,item_id,730
144,f6db1ebbdea44e96ba7c17f73db9f206,2018-04-22 15:40:05,259607.0,view_item,android,item_id,1576
145,19c428f242b24783af7b1c9ded488ace,2014-04-14 16:52:02,14861.0,view_item,android,item_id,1533
146,769aff7dc9094d2b92e3d32f8c3ae6d8,2014-04-12 01:56:02,14861.0,view_item,android,item_id,1055
147,138c8e5143004b14a127b1307f5d2926,2014-04-14 16:27:02,14861.0,view_item,android,item_id,1375
148,3ee45f2f0e8743f8b48e10f7ec05a144,2014-04-12 22:02:02,14861.0,view_item,android,item_id,183
149,5c036c8e5ba047608ce8ed0858f50bfc,2016-10-02 14:17:56,156766.0,view_item,iOS,item_id,2789
150,3dbf154a454b4bb2b498b732f0b915ac,2016-10-03 17:29:56,156766.0,view_item,iOS,item_id,2368
151,74d2186d03914752a8cbdb0de2bb222e,2016-10-01 22:25:56,156766.0,view_item,iOS,item_id,1511
152,a8d616a45ef345478930e09c4961327e,2016-10-09 02:01:35,126105.0,view_item,mobile web,item_id,2115
153,bd0e9fc5f2a9414cbd53b689b45faa22,2016-10-09 16:11:35,126105.0,view_item,mobile web,item_id,178
154,89c3da8f804b44bfaff0de25feedb2c1,2016-01-08 08:48:14,105475.0,view_item,web,item_id,3279
155,c3b3bac33aac4238bea39c66d1446a4c,2017-04-11 23:38:42,163624.0,view_item,iOS,item_id,2830
156,9c829c8d5fc94c46863877ed77ddf75d,2017-04-13 13:13:42,163624.0,view_item,iOS,item_id,1671
157,3e11b3fdcf624d608caabe40a5d51cc1,2017-04-11 22:34:42,163624.0,view_item,iOS,item_id,314
158,cb77424c6d7d43d5a248a2aca302d4fd,2017-04-11 14:03:42,163624.0,view_item,iOS,item_id,895
159,cf95acee50424456b0b7dc14bd619c58,2014-08-09 23:00:07,18390.0,view_item,web,item_id,2508
160,ad35769423a14a85a8e639416ebee6f8,2014-08-08 05:03:07,18390.0,view_item,web,item_id,1260
161,8a9d635105964769aaeb082d0f57737d,2014-08-10 15:28:07,18390.0,view_item,web,item_id,1534
162,015a768cc3484b2bb7723b77bff2ea57,2016-03-01 19:11:21,88366.0,view_item,iOS,item_id,3801
163,a2866f4137634b05b3aab47c9dfd7f1a,2018-02-14 12:53:40,252143.0,view_item,android,item_id,750
164,320beca92fd047e1978a0e3137f3ca23,2018-02-15 16:19:40,252143.0,view_item,android,item_id,1210
165,e9272605af854913b19360ff7b22bd7e,2018-02-14 13:13:40,252143.0,view_item,android,item_id,1110
166,8f43542135d14ef2b3e797962a252aed,2018-02-15 10:52:40,252143.0,view_item,android,item_id,2882
167,83e88c9b50514e1eae656c3613d697ce,2017-01-19 20:50:37,150744.0,view_item,web,item_id,3428
168,f8ca6caf405144f490ca65416c374d54,2017-01-22 21:57:37,150744.0,view_item,web,item_id,349
169,02bb640cd48044cb930207be73c3b917,2017-06-05 15:23:06,202031.0,view_item,android,item_id,2160
170,2cdb0cbd8af843868a96f09d0f31806f,2017-06-02 19:28:06,202031.0,view_item,android,item_id,3381
171,dc79f1ae919f49a4b4fc0e5aff188733,2017-11-29 14:17:13,205966.0,view_item,iOS,item_id,3670
172,5e44bdd5c43747cc86bd0092418fa91c,2017-11-30 00:42:13,205966.0,view_item,iOS,item_id,3452
173,c0d63100ef8c4ace85dd7fcfdd6c39dc,2017-11-30 17:25:13,205966.0,view_item,iOS,item_id,2299
174,662ebcea2e4845bfa8325f3f5676a2ec,2017-04-21 00:37:41,161616.0,view_item,web,item_id,1734
175,9c36ba9740ab4ce386b1360d7c7150ff,2017-04-21 09:48:41,161616.0,view_item,web,item_id,3336
176,5fc0db5cc83143a8a4d2724c91b2cf69,2017-04-20 14:53:41,161616.0,view_item,web,item_id,3698
177,795af6fa6f1447308db9acaf7102d978,2017-04-21 16:08:41,161616.0,view_item,web,item_id,1436
178,8d5286db1fba450eb3f5262e9d79db20,2016-10-24 13:03:25,133927.0,view_item,web,item_id,2859
179,cde8ef064a234ebba968da63ca4b6c8d,2016-10-24 23:36:25,133927.0,view_item,web,item_id,1115
180,ae22a768ddfb4f62abab2b727fd4827a,2014-03-27 03:06:07,15730.0,view_item,iOS,item_id,1235
181,8e71e1549b6d4828bb1d1e1718dc8f40,2016-01-16 10:42:24,80052.0,view_item,web,item_id,3781
182,33e4f43b3b9a47afb35f59f7fbc35edb,2016-01-14 07:32:24,80052.0,view_item,web,item_id,3353
183,2b9eff4df94940c4b291c61bb4756c4a,2016-01-15 06:19:24,80052.0,view_item,web,item_id,1238
184,af7fc4b3935d471d96360156bed655f5,2016-11-23 21:38:10,166747.0,view_item,web,item_id,946
185,8e91b276cd564f4992831ea8d3b8abde,2016-11-23 08:59:10,166747.0,view_item,web,item_id,2722
186,8ca12d540ac84977b075a788af9e156e,2016-11-23 12:40:10,166747.0,view_item,web,item_id,1575
187,e7ef8eca3b3a495c9c8e3a989a7693c1,2014-05-06 14:25:24,14409.0,view_item,mobile web,item_id,982
188,afb39bbc46f346c0a7a1f9f73b9861e2,2014-05-08 09:45:24,14409.0,view_item,mobile web,item_id,1472
189,e31d7bc4a3a14d3b833838aef0d8e041,2018-05-11 20:40:07,281892.0,view_item,web,item_id,2078
190,144e1435ab2e41dfb2d8fd7cb2d0a605,2018-05-14 10:01:07,281892.0,view_item,web,item_id,2353
191,9b006aced3534f77b6357d51316391f7,2018-05-14 13:27:07,281892.0,view_item,web,item_id,3277
192,b87a42f6767542c3a2d606fdc64446e7,2018-05-13 00:09:07,281892.0,view_item,web,item_id,1397
193,f07fb335f94a4d7ab7fda74c85628eed,2016-10-16 18:21:50,140395.0,view_item,web,item_id,3812
194,a5361d5de0194bcdaec8f2cecaef3c63,2016-07-27 03:13:17,145493.0,view_item,android,item_id,602
195,740a2e7d62ba4b83a24c14ad82d21547,2016-07-27 08:00:17,145493.0,view_item,android,item_id,3362
196,b99f518884e54255a37eb8c38c732ac7,2016-07-27 02:07:17,145493.0,view_item,android,item_id,2584
197,494fd90fed984fa7a64832367107dd47,2016-05-12 10:14:01,112915.0,view_item,web,item_id,1982
198,8ddeac949af04453bfde12f3225ac01f,2016-05-14 04:02:01,112915.0,view_item,web,item_id,564
199,1a5ca68574c74d898d180d46417ca466,2015-01-21 12:26:53,34502.0,view_item,web,item_id,1257
200,950a088d71c84596a15a179bf53f38c8,2014-08-09 06:38:24,25635.0,view_item,mobile web,item_id,1648
201,77e5c5e41b0945eb90a9d721e6d21c4f,2014-08-10 13:07:24,25635.0,view_item,mobile web,item_id,482
202,b0aa162542494bd1bcdc53e81efd77cc,2014-08-09 20:53:24,25635.0,view_item,mobile web,item_id,314
203,2bcf8743cd184eed9f1ed59c7c16ad9b,2016-08-04 12:24:16,140243.0,view_item,android,item_id,914
204,5c5ae95e98644eb989b49492d6497d3d,2015-12-24 02:19:22,91112.0,view_item,web,item_id,2332
205,f37a505e9f134c5a9a40c38079da5765,2015-12-25 14:22:22,91112.0,view_item,web,item_id,236
206,d367c6c541f449378edfa5214d464fcb,2016-08-06 19:10:24,115986.0,view_item,web,item_id,3794
207,38cde67ba85d4c72a03364f89bb24a3b,2016-08-09 19:13:24,115986.0,view_item,web,item_id,1234
208,77b15def0e3c4ded91572ac1150a36bd,2018-03-09 13:50:33,242541.0,view_item,mobile web,item_id,450
209,48e73c9bf1864bfca9358ae98751b168,2018-03-09 11:57:33,242541.0,view_item,mobile web,item_id,216
210,4801bbbb35c240a1b3ee584cb6e1af27,2018-03-09 18:49:33,242541.0,view_item,mobile web,item_id,2719
211,841607190c5b4e1c91473c2f05d25937,2017-10-13 10:42:01,200164.0,view_item,iOS,item_id,3747
212,35c7c9eebf0e46c9a7bfa7fee82aa442,2017-10-13 22:56:01,200164.0,view_item,iOS,item_id,1031
213,75113c78ac554a30b800e5adf75a2535,2017-10-13 04:03:01,200164.0,view_item,iOS,item_id,1405
214,ec5dbcf2ed814157bbd27e41df87773c,2017-10-11 14:30:01,200164.0,view_item,iOS,item_id,2758
215,b873881dd7e94f9da9e9b90967a285d6,2018-04-24 12:20:58,272197.0,view_item,web,item_id,719
216,aac3a3e14e11480c978101c9a7635fbe,2014-11-02 06:08:20,33664.0,view_item,iOS,item_id,238
217,f86bd7c6adde4e84a85d9dcf3edb06e0,2014-11-03 12:00:20,33664.0,view_item,iOS,item_id,940
218,89ccc4d072304c938a503ec6a7f10086,2015-07-08 08:38:45,67886.0,view_item,web,item_id,3692
219,9ff08b4094f14ceda7275fe9dc0a42d3,2015-07-07 18:11:45,67886.0,view_item,web,item_id,2167
220,e0d6b143b6b64e8fa12e220e3894683f,2015-07-07 09:51:45,67886.0,view_item,web,item_id,3240
221,e68ee31a7acb41aaaeda0f43ad762828,2015-07-06 21:21:45,67886.0,view_item,web,item_id,466
222,453473b003b9451ca2d6b7cf67cd2786,2017-04-02 20:58:33,163294.0,view_item,iOS,item_id,637
223,ea9a55506ae24a888f1e706950c4c37c,2017-04-02 20:13:33,163294.0,view_item,iOS,item_id,2539
224,557e671123f74743b3d200f0fb2a6ab2,2017-04-02 06:22:33,163294.0,view_item,iOS,item_id,3134
225,ea79c496f73044a29e776dbc031d88c2,2017-03-21 15:22:32,172196.0,view_item,web,item_id,1135
226,65180cd9b5b14e27aa147136d7169fb5,2017-03-22 17:59:32,172196.0,view_item,web,item_id,2923
227,e96809a8c4124ecf9dd4ee4100dac44e,2017-03-23 22:20:32,172196.0,view_item,web,item_id,1955
228,cad387acf216465182dd48e3d489f57f,2017-03-20 17:46:32,172196.0,view_item,web,item_id,511
229,f2fb40cd50d7404a9c636130665d750c,2016-07-26 15:48:30,134468.0,view_item,web,item_id,867
230,485586381bd84bfab5262b1be88cfe79,2016-07-27 01:54:30,134468.0,view_item,web,item_id,1548
231,0f114db916a34f2bb335405b39a0f38c,2016-07-26 15:37:30,134468.0,view_item,web,item_id,3704
232,b4d4dcadd1744ccbb311d72a6b2d49cf,2016-07-25 19:22:30,134468.0,view_item,web,item_id,3236
233,6ade4561db454ae4aa01121a34ecc99f,2017-04-08 06:59:56,189061.0,view_item,web,item_id,3443
234,b7f3ab70324745968101ccb631c5853c,2017-04-07 09:43:56,189061.0,view_item,web,item_id,274
235,3df8349bc0b44c6fab552650fa61f07e,2017-04-07 08:33:56,189061.0,view_item,web,item_id,975
236,a3b310e2c1e243c5b68245cbfe88c8e9,2017-04-05 14:02:56,189061.0,view_item,web,item_id,2725
237,89b01a58be39476088c3d3e80ad384ca,2014-11-11 00:28:10,43664.0,view_item,web,item_id,1510
238,07299bd4dc55480b9dce5e02bf9799aa,2014-11-12 13:18:10,43664.0,view_item,web,item_id,2676
239,82d77948e6614cdfbf0c1792f3fc9cbd,2014-11-10 13:47:10,43664.0,view_item,web,item_id,2950
240,45c4493355d442de851ac534f0f0442e,2015-07-27 23:15:09,60465.0,view_item,mobile web,item_id,492
241,87a11959de12478e8c1e265cd4ce8af6,2015-07-27 09:54:09,60465.0,view_item,mobile web,item_id,3336
242,cbc2f4521987470ba3969badf63c7c4e,2015-07-27 03:26:09,60465.0,view_item,mobile web,item_id,2785
243,d6bbc44e15cc4dc59080b1889a9c34b7,2015-07-25 17:12:09,60465.0,view_item,mobile web,item_id,1281
244,cc32f140d84e4c99bbd8d482115ebfe6,2014-06-29 05:00:13,28237.0,view_item,web,item_id,2054
245,8a67a52751ea4522816298309d8ccf21,2013-09-26 21:20:52,4813.0,view_item,web,item_id,2215
246,4e1ad173d7b1486d89c1f87654a53c9a,2013-09-26 19:17:52,4813.0,view_item,web,item_id,3063
247,885f3b77851b420ca3c0a3696beb70e4,2015-07-17 05:13:36,77926.0,view_item,iOS,item_id,320
248,f17f344fdb80407e94e0897e08260afb,2015-07-16 10:26:36,77926.0,view_item,iOS,item_id,1536
249,3f386e9696cd40a0b97f7b83b73887ee,2017-11-15 18:21:30,221217.0,view_item,mobile web,item_id,1534
250,6ca6cbbeea0f4525b1b453aabc7d6eba,2017-11-16 17:00:30,221217.0,view_item,mobile web,item_id,1661
251,ef9765c39f8c4401ad4cd2f6fe9eeb7b,2017-11-17 05:55:30,221217.0,view_item,mobile web,item_id,1703
252,f3f1022821564ef4b16a1cee382a547e,2017-11-18 09:05:30,221217.0,view_item,mobile web,item_id,3514
253,9e250b934a2e4e70ae1c4fb136490543,2016-04-21 00:38:50,100242.0,view_item,web,item_id,23
254,a16e42d1faf34fcfa24c2d378c65dfce,2016-04-21 01:08:50,100242.0,view_item,web,item_id,3455
255,3cf535d99abc4d63aade7824f6261f14,2016-04-21 10:45:50,100242.0,view_item,web,item_id,475
256,f1916d503a6b41f6b66b69071647ddb9,2016-04-19 14:54:50,100242.0,view_item,web,item_id,506
257,486883cebdca4e4580acb3d149e77f70,2018-03-14 18:43:04,257798.0,view_item,web,item_id,1677
258,4aede6d0d87645c5953b0e675b62e884,2018-03-14 21:34:04,257798.0,view_item,web,item_id,2172
259,26f0f64a77844efc9a88a862295574a7,2018-03-13 04:33:04,257798.0,view_item,web,item_id,1586
260,0914d91bb9b5421fa5adb8c4c2677dca,2017-06-22 23:48:15,202080.0,view_item,web,item_id,2830
261,0a1a3797cf2f4b85888f876468d9c0a9,2017-06-23 11:25:15,202080.0,view_item,web,item_id,2500
262,5ef8e845e8b54cd39f2aa630f35ff5e7,2017-06-20 10:13:15,202080.0,view_item,web,item_id,2762
263,ea5888a8b4cf4e34b399b6bbb6aecfc5,2017-06-21 00:47:15,202080.0,view_item,web,item_id,210
264,3ffdaf38bfcf457fa4a5e1b7864cd962,2015-09-25 22:14:20,66027.0,view_item,mobile web,item_id,798
265,b9eb2e96a09f4dfc84642652868e05a8,2015-09-26 08:18:20,66027.0,view_item,mobile web,item_id,478
266,2bb9aadaca944ffe82b9cc69be1c1a1c,2015-09-25 12:58:20,66027.0,view_item,mobile web,item_id,3267
267,777e0954373c4e41a4c8c92a677fb082,2015-09-23 12:06:20,66027.0,view_item,mobile web,item_id,3786
268,9fb80c8c645548ef920d530f58792ad3,2017-01-04 21:50:46,172269.0,view_item,mobile web,item_id,276
269,316f9e87a2684eea8b09c27804d59c71,2017-01-05 08:37:46,172269.0,view_item,mobile web,item_id,2366
270,4e021cb8135748f29c73cbed2a157ee2,2017-01-07 11:21:46,172269.0,view_item,mobile web,item_id,1124
271,8b946faf92e54640942a55b5ae7efccb,2017-01-05 15:03:46,172269.0,view_item,mobile web,item_id,236
272,835d4379894a41e4a52e6543115e902a,2016-01-04 19:44:06,78653.0,view_item,android,item_id,2157
273,ce4d5408c8d84fb5b18f1d3cb089a4e9,2016-01-02 09:36:06,78653.0,view_item,android,item_id,2496
274,c0771a7c5add493f86976a0c66a4afe9,2017-08-22 04:06:42,202117.0,view_item,web,item_id,3142
275,05a089f3fec6431584fe295afa0e7e72,2017-08-23 03:46:42,202117.0,view_item,web,item_id,2732
276,465fdb58d2c64db0b56086790e60f514,2017-02-19 18:12:43,183577.0,view_item,web,item_id,2181
277,7ec730ca11bd4393b59c777b7370b57a,2016-06-29 06:24:36,123027.0,view_item,mobile web,item_id,2410
278,161118a3980f41a28708f532ba263a23,2016-06-28 05:33:36,123027.0,view_item,mobile web,item_id,641
279,37a2a1c6112b4df993c0f3cd0411fdd2,2016-06-27 01:00:36,123027.0,view_item,mobile web,item_id,2194
280,8616c65bccb84195a0d6de150de2e3f4,2018-02-10 08:00:03,241791.0,view_item,mobile web,item_id,2659
281,fcbcf3fbf667404cb73d3453a7bd1e28,2018-02-10 23:23:03,241791.0,view_item,mobile web,item_id,3418
282,95a17913b70f4d67a4b3e5fb728b085b,2018-02-09 08:47:03,241791.0,view_item,mobile web,item_id,1671
283,9d7300827ee648e185e91337407f69ad,2018-05-08 08:04:18,269689.0,view_item,web,item_id,3224
284,2c9c1b13dd714e8f97fce1df178eedf5,2018-05-09 08:30:18,269689.0,view_item,web,item_id,3826
285,85aed4546ef7457990a800f8b83cdab2,2018-05-09 23:35:18,269689.0,view_item,web,item_id,2143
286,fcdaa639c3344376a47926147c0e4bd6,2017-09-17 23:58:03,203692.0,view_item,iOS,item_id,1277
287,eb7594a48bc14850955df4459bc7461d,2017-09-18 02:48:03,203692.0,view_item,iOS,item_id,3219
288,cf179ca3ab0545a2ad52e51dc86a1862,2017-09-18 19:03:03,203692.0,view_item,iOS,item_id,3531
289,5c753f61a45c426cad10a7646e8171a2,2014-10-04 22:16:40,24575.0,view_item,android,item_id,3248
290,8477f5e35b6b494089e362c215358508,2014-10-03 19:04:40,24575.0,view_item,android,item_id,1814
291,f61ea17519f1434e9de6fd45f7893b60,2014-10-04 23:23:40,24575.0,view_item,android,item_id,1733
292,2f7bbb1ca38443cbb1fffc5b5fe3a511,2014-10-04 08:45:40,24575.0,view_item,android,item_id,3146
293,50d60237fb2349318d5ee0e44be08622,2017-10-02 11:18:39,221369.0,view_item,android,item_id,3725
294,b207e0b98ab54feb98edcb76317fbd78,2017-10-01 02:52:39,221369.0,view_item,android,item_id,3974
295,cb3e212d505e4680b27b732b58ea6a0d,2017-10-02 20:11:39,221369.0,view_item,android,item_id,573
296,2304ebd3925c47d7bfcb287035ebb978,2017-10-20 19:47:26,232922.0,view_item,web,item_id,1951
297,6c28c824d9ce438c83f2707251bd0c91,2017-10-20 10:23:26,232922.0,view_item,web,item_id,1410
298,dad99667b48544ffaab3249d9fe8ec8e,2016-02-23 22:23:22,105984.0,view_item,web,item_id,3658
299,0b8cc54713f4470bb25d7da5bca3b7b0,2017-09-26 08:18:30,233248.0,view_item,iOS,item_id,1781
300,d5952e2f867540b3b7da8514dfcee6b7,2017-09-24 10:16:30,233248.0,view_item,iOS,item_id,3907
301,7ce65f10e8b34e39aae16a9606562989,2016-07-28 09:13:18,112282.0,view_item,iOS,item_id,804
302,0b3838ce0eeb4876b202d928ca9f41f0,2016-07-28 17:05:18,112282.0,view_item,iOS,item_id,3962
303,674a21cc949a4b92bdeb8a1b6541db5d,2016-06-30 04:12:18,117266.0,view_item,web,item_id,661
304,fafeb6c803ea4e33bf67756af3ba8cd6,2016-07-03 06:40:18,117266.0,view_item,web,item_id,3932
305,6d935e4a05134e2db673acd831084702,2016-07-01 07:57:18,117266.0,view_item,web,item_id,3506
306,94b9102d6e174c81a6d2c4c9247433dc,2018-03-16 14:55:53,273480.0,view_item,web,item_id,3212
307,ce44714d5b0f4252af0641558ee5c980,2018-03-17 05:35:53,273480.0,view_item,web,item_id,1724
308,2c49c2b637624959a6e268ca30a16eac,2018-03-16 04:35:53,273480.0,view_item,web,item_id,2208
309,d597d3aad66441bfb587a628565cdece,2018-03-24 01:19:36,247099.0,view_item,web,item_id,3914
310,7aaf5d77368f4b0b949ae82a36937bbe,2018-03-22 18:16:36,247099.0,view_item,web,item_id,2454
311,bf4744a4bba8483e8b41b32139b984f3,2018-03-25 10:48:36,247099.0,view_item,web,item_id,656
312,83323af9e51347ae9339072626f69cc8,2018-03-23 02:52:36,247099.0,view_item,web,item_id,213
313,d6bb26da2d3d4184b09e1b2f58604876,2015-01-27 11:36:25,49230.0,view_item,web,item_id,1812
314,e20d0f6f38464871b4265e96de1dbebf,2015-01-29 04:14:25,49230.0,view_item,web,item_id,3167
315,cc55082971b74061860d65967b91d713,2015-01-30 08:14:25,49230.0,view_item,web,item_id,3861
316,d8569f86f9a5404cb2404a9ba14cec24,2015-01-27 04:04:25,49230.0,view_item,web,item_id,184
317,4b319a19c1e44b658255f9e0281225aa,2013-12-02 21:37:26,9559.0,view_item,web,item_id,2808
318,d26f7f30fe614c738f28b4b14fb799dd,2013-12-07 12:11:17,3138.0,view_item,web,item_id,3436
319,f22d38a1a1bb48c3875fefe9a390cecb,2013-12-05 16:24:17,3138.0,view_item,web,item_id,136
320,89a24011c5a247e5a80579aeceaa4bcb,2016-09-09 04:45:46,122247.0,view_item,mobile web,item_id,2563
321,0c92d7e917804b97b8e48175b5fa2eb6,2016-09-10 08:53:46,122247.0,view_item,mobile web,item_id,216
322,7b0885a1316c4fc38d64ce046782afe7,2016-09-07 22:47:46,122247.0,view_item,mobile web,item_id,2001
323,048a525b6b074623ab503d983cbba5b8,2017-11-29 00:34:18,206915.0,view_item,android,item_id,1781
324,98727e566a0e423ba0b7afb2a7e2d5df,2017-11-27 21:38:18,206915.0,view_item,android,item_id,1119
325,9e746a40fc2c479d903fe798664f8275,2017-11-27 02:03:18,206915.0,view_item,android,item_id,2069
326,a2a6fa97ce0d402e9fd2b85d05417f83,2015-01-08 06:48:29,52315.0,view_item,web,item_id,280
327,22e10500a8fa42aea84552850a40224b,2015-01-07 06:30:29,52315.0,view_item,web,item_id,181
328,c93e57cbe3114791bde82e35a12556c9,2015-10-25 20:53:07,90521.0,view_item,android,item_id,2818
329,fd7768c8a0f54dee81eefe7513e18fbb,2015-10-24 23:54:07,90521.0,view_item,android,item_id,2580
330,b2300b51659b47b981e620883631ea2f,2015-10-25 23:15:07,90521.0,view_item,android,item_id,1993
331,bb934f9bf97343e6a849e518a4104821,2015-10-24 20:05:07,90521.0,view_item,android,item_id,2068
332,be3490874c42464fbc2a9622f8371555,2014-09-24 17:26:14,26429.0,view_item,android,item_id,1721
333,f4fd1c501305466684267d3b0c7e5adb,2014-09-24 21:31:14,26429.0,view_item,android,item_id,2202
334,191222d1ca8046ceb596cd5c89f5d7c9,2014-09-24 01:22:14,26429.0,view_item,android,item_id,1099
335,9c7ae0a60b23478cbc3e8962eaa1f9ba,2016-11-27 15:44:55,147774.0,view_item,web,item_id,194
336,16cb33b409114468bacfac3ce53a6b47,2016-11-26 12:04:55,147774.0,view_item,web,item_id,2074
337,b3dbe48fa65045069aff1693fde54a6b,2014-03-08 16:13:52,18274.0,view_item,iOS,item_id,3702
338,ce69ade660a440d8933d4295044b6e3b,2014-03-07 22:32:52,18274.0,view_item,iOS,item_id,3630
339,bc12f45aa4f2414b85f664c7dee5cc54,2017-03-01 14:26:16,183466.0,view_item,iOS,item_id,2923
340,6ed67f0d058246d2b6d990855449cb52,2017-03-02 10:35:16,183466.0,view_item,iOS,item_id,1042
341,98e8e5a8343944ab8912f0379ffc41f5,2017-03-02 01:10:16,183466.0,view_item,iOS,item_id,2952
342,ec377955534a41c48e1d7c0dfdba4724,2017-03-01 02:41:16,183466.0,view_item,iOS,item_id,2688
343,eb679c7f169a440b9d6dab479306b35e,2016-11-12 11:03:53,163119.0,view_item,mobile web,item_id,1115
344,e66e1f45cac5403d87d42542b1ae6d48,2016-11-11 23:08:53,163119.0,view_item,mobile web,item_id,2562
345,41a83fe62edc46aa93af243e08712b8b,2016-11-11 18:12:53,163119.0,view_item,mobile web,item_id,3918
346,c3acf85ee1f34338a43fcd92a63dd62b,2016-09-16 18:39:47,139332.0,view_item,web,item_id,1273
347,01a500e41991492bb4b76908ab97a400,2015-07-21 09:51:48,58252.0,view_item,iOS,item_id,3442
348,9400b5884a58438e8c210e31ceb6626e,2015-04-24 19:13:26,42776.0,view_item,web,item_id,1683
349,fc6531becdcf4544a401d7c5ff033ae8,2015-04-22 05:57:26,42776.0,view_item,web,item_id,3486
350,3ec6d23de29c4b1d82e72284af93ca6b,2015-04-24 09:16:26,42776.0,view_item,web,item_id,2651
351,c976c1c575b8450bab35be7c0723ce7d,2017-12-07 09:23:23,231502.0,view_item,iOS,item_id,1921
352,ad917ff0e26c4d8fada207205ce88003,2017-12-07 18:31:23,231502.0,view_item,iOS,item_id,2416
353,1d97264b814c4b8ca7bcc21c710b1368,2017-12-06 14:26:23,231502.0,view_item,iOS,item_id,3901
354,21052f1a444c4f03a7e94e64075bda67,2017-12-08 16:52:23,231502.0,view_item,iOS,item_id,2298
355,bdc8b0ac0bec4aa0b131755ddac56eb4,2016-11-13 17:49:09,141075.0,view_item,mobile web,item_id,1409
356,2819933dc70c46408adc9d80cdb06ae9,2016-11-12 21:33:09,141075.0,view_item,mobile web,item_id,1902
357,d6782fc94359472a97306eef64b3b1b3,2016-11-12 15:03:09,141075.0,view_item,mobile web,item_id,2106
358,fc3213a8aeb14894aacfbdf5e1ec416b,2014-07-11 08:27:23,21709.0,view_item,web,item_id,3642
359,513b3a34c2264d85bc450704619d1b40,2014-07-11 16:15:23,21709.0,view_item,web,item_id,3907
360,891644c18b8e4eb2b4b293e3b8048ebd,2017-06-09 11:03:00,205639.0,view_item,web,item_id,1357
361,93e15d4e986b44be851ed439e5a7aa63,2017-06-10 21:49:00,205639.0,view_item,web,item_id,3364
362,842ae30bf921484490db3330c036e0a5,2017-06-09 00:35:00,205639.0,view_item,web,item_id,3304
363,fd980ea6bbed44bd8b2208609ff1532f,2018-03-05 12:27:06,253246.0,view_item,iOS,item_id,1978
364,844eb8d064364a25a143aface16a1ab5,2018-03-04 15:07:06,253246.0,view_item,iOS,item_id,2063
365,9173ef16610a43ae8ca925b7f420a4af,2014-08-02 01:10:58,18251.0,view_item,android,item_id,3461
366,c33087cac7614fa6a147044443bd5408,2014-07-31 06:31:58,18251.0,view_item,android,item_id,3947
367,e5eb5c5ef97d439a87eafad7cbe0cb6a,2018-05-08 04:15:25,248124.0,view_item,web,item_id,122
368,5d504bfe747f4310b3be62ef60ee3ce1,2018-03-11 02:35:39,263230.0,view_item,iOS,item_id,3253
369,2256a6c735a74bafba4f0bdc3fdc4b27,2018-03-10 09:33:39,263230.0,view_item,iOS,item_id,3226
370,7e9af1cc64c440d49442cada8ce96176,2015-08-20 04:05:02,79646.0,view_item,web,item_id,2640
371,8eb4d4facbe3421d80530c311853f2af,2015-08-19 09:28:02,79646.0,view_item,web,item_id,3670
372,e35a7cba319f4a398438e668cee0934d,2015-08-22 11:26:02,79646.0,view_item,web,item_id,852
373,3da611a168164826bb8540ef7885b6f2,2015-08-21 23:13:02,79646.0,view_item,web,item_id,430
374,e4402c9a6d46447db8faf629f2b285d4,2016-01-26 13:48:15,87319.0,view_item,web,item_id,2843
375,a48013725edb476cb4788d8ae250a18c,2016-01-25 00:21:15,87319.0,view_item,web,item_id,2985
376,61f87b731614461e95f3922a7b19206c,2016-01-24 21:08:15,87319.0,view_item,web,item_id,3212
377,5dbb7c241c4044148a20fd477c1433d4,2016-12-02 01:33:21,165561.0,view_item,mobile web,item_id,2876
378,de02dc0521b64f4cb4cb2e6d24b1b2ed,2017-12-21 16:10:20,227396.0,view_item,web,item_id,2443
379,c05e990e1eeb4e738f895669df2a5ccb,2017-12-20 19:19:20,227396.0,view_item,web,item_id,3870
380,d0b50bd5298d47a6b35c7ab33f22ee9d,2017-12-23 05:15:20,227396.0,view_item,web,item_id,1854
381,1ebe98df175343dc88f88961ef104f66,2018-04-05 10:06:14,232586.0,view_item,web,item_id,3067
382,fdba0dcd3488407d941eeea58ed39302,2018-04-06 04:17:14,232586.0,view_item,web,item_id,2829
383,3642e76a910643a5b43e0adab3e6a87f,2018-04-08 04:48:14,232586.0,view_item,web,item_id,2555
384,8e3e4f33deca496eb3f43c6c28525713,2014-06-11 07:47:26,22086.0,view_item,web,item_id,3285
385,5620325c56b74744809d1f2d6c067ef9,2014-06-08 19:40:26,22086.0,view_item,web,item_id,1505
386,9e6f2c428e9a4b79919968caa55d46dc,2014-06-10 09:41:26,22086.0,view_item,web,item_id,3078
387,b6138191002c486186592e2961139bd9,2015-12-10 10:05:05,81384.0,view_item,web,item_id,3960
388,b48180bf42a34169a67a7e8f151d60bc,2015-12-07 22:23:05,81384.0,view_item,web,item_id,2466
389,27c658eed4a24bbfb0a6e55aff5cd0dc,2016-05-27 15:44:05,111915.0,view_item,mobile web,item_id,1625
390,c9ec8a4b2bb0497c83ea9a6a37198304,2016-05-28 05:51:05,111915.0,view_item,mobile web,item_id,426
391,5fa40a2d4a75432d95be2b6d1fdc0382,2016-05-26 21:48:05,111915.0,view_item,mobile web,item_id,85
392,0b1169e2e17743d0b5c5b1496d2762f0,2015-11-23 08:16:32,69208.0,view_item,iOS,item_id,1850
393,c08867de17594412a7daccee2437f269,2015-11-26 00:23:32,69208.0,view_item,iOS,item_id,3323
394,7bd3e077d21a410a8b6852ecadbae68d,2015-11-24 14:01:32,69208.0,view_item,iOS,item_id,3409
395,ded67ba236574a86a0ed70b5503e6e3b,2015-07-06 06:50:12,55318.0,view_item,iOS,item_id,2875
396,283495653bcc45c2b10eede486dc60e3,2015-07-06 08:27:12,55318.0,view_item,iOS,item_id,2562
397,3cf2d324113940748367566e907880ec,2015-07-05 04:44:12,55318.0,view_item,iOS,item_id,1982
398,d66b0086938c410e8e9612f54b9eb16f,2015-07-07 01:14:12,55318.0,view_item,iOS,item_id,2931
399,cb7e58ffd9204554ae3206a171abef27,2016-04-05 07:04:56,123400.0,view_item,iOS,item_id,1124
400,b5d3c4a5cffd4abd9ba9a3f56d6cbc4b,2016-04-06 12:56:56,123400.0,view_item,iOS,item_id,1096
401,f9421e014979468cb8b4666d9da5662e,2016-11-30 02:44:17,143270.0,view_item,web,item_id,1466
402,6844f569af4c40f9994f673d6b4e084f,2016-12-02 00:17:17,143270.0,view_item,web,item_id,3171
403,729403c3ec0c4b1eaf348f8f2c24a350,2016-11-29 12:50:17,143270.0,view_item,web,item_id,3616
404,7171617b279f4029b194e240d5678c64,2016-11-30 15:29:17,143270.0,view_item,web,item_id,1685
405,f476ba7670e8438a9d8e7efc86feb031,2016-05-06 18:47:37,100086.0,view_item,web,item_id,3434
406,8b0e48055c6d41fdbdc84bcb34363c5d,2015-11-18 12:46:21,69528.0,view_item,web,item_id,694
407,4d1d8163a86d4a68ba9a764ef2381b99,2015-11-20 09:11:21,69528.0,view_item,web,item_id,1150
408,4fc19876e6d04c20a6dcdcd90f9d542c,2015-11-19 14:01:21,69528.0,view_item,web,item_id,2237
409,39b48d9369a64176ba5cc827477b96be,2015-11-19 03:49:21,69528.0,view_item,web,item_id,3253
410,b0fe845c7c904cdfba61b6e7837d78a9,2018-03-15 18:26:57,237030.0,view_item,web,item_id,1850
411,513b2788b8c042159c1b0fbe3f3f5347,2016-11-22 05:41:16,165718.0,view_item,iOS,item_id,2814
412,1f8125139be9407d880066d765d48e68,2016-11-24 13:00:16,165718.0,view_item,iOS,item_id,436
413,da2d9ee20c8c4be7b8e81a35ca09c4f0,2016-11-22 22:56:16,165718.0,view_item,iOS,item_id,1551
414,168110051b664ad18d88b4e5ab567783,2016-11-23 17:24:16,165718.0,view_item,iOS,item_id,1401
415,7d78cbea5369414fabd95ae267ef3df9,2017-12-26 23:22:26,241491.0,view_item,mobile web,item_id,2204
416,67d52fe52f244e29b1e196e69d3afd83,2017-09-16 09:38:42,218380.0,view_item,iOS,item_id,3586
417,813ccf8a6f05475386214e7b30ac30d8,2017-09-15 12:10:42,218380.0,view_item,iOS,item_id,2706
418,dd4538e088a84f5d9e48d14c116d54b8,2017-09-14 01:51:42,218380.0,view_item,iOS,item_id,1555
419,6c67fe88cf6145cab2b7a925ba422243,2017-09-15 19:43:42,218380.0,view_item,iOS,item_id,483
420,762329095b1c41ad9c2b3d3dc7056862,2018-05-29 02:00:46,271183.0,view_item,web,item_id,771
421,e15260f543b943a28307e297319701d1,2018-05-28 19:02:46,271183.0,view_item,web,item_id,1399
422,8078c118e2db4c1081df8e57945820a1,2014-04-29 10:58:54,17286.0,view_item,web,item_id,2153
423,b173984412fb42e9b44c65b8ae3de732,2014-04-28 19:41:54,17286.0,view_item,web,item_id,2448
424,19fe57ea359e4b518347f0e288514004,2014-05-01 16:38:54,17286.0,view_item,web,item_id,1565
425,e444ea75585547158c7f79a7137093b8,2018-03-08 11:41:43,238166.0,view_item,web,item_id,132
426,47d2a491fc6843d3bf17606e1882af14,2018-03-07 06:50:43,238166.0,view_item,web,item_id,77
427,afabbd0b077a4c0b928fb3e99bac6767,2018-03-07 16:42:43,238166.0,view_item,web,item_id,3054
428,e5c87a458e6d444299e465d34b893f93,2018-03-08 16:40:43,238166.0,view_item,web,item_id,1700
429,8ffb1f912f9c46948a77d0a601f41196,2017-03-08 16:47:07,182491.0,view_item,web,item_id,1903
430,b21234af1b0e4ffab320d16da6cea5ce,2017-03-08 12:16:07,182491.0,view_item,web,item_id,2891
431,30ca10a1b9e94981abf504fefbb7459b,2017-01-27 19:32:08,180658.0,view_item,iOS,item_id,1378
432,735cf19645844b6b8b6a212b55154ecd,2017-01-27 04:27:08,180658.0,view_item,iOS,item_id,2996
433,f4ee153e2c9c4483bc9934ebd7ce7166,2017-01-25 05:56:08,180658.0,view_item,iOS,item_id,308
434,8bd5d761b2094291bb64139d1809fc48,2017-01-26 08:18:08,180658.0,view_item,iOS,item_id,389
435,423e24ff5e6c45138b577ede029f6064,2016-02-19 22:10:41,82948.0,view_item,iOS,item_id,748
436,8bada4c7627c450087a3032f412d448f,2016-02-20 04:59:41,82948.0,view_item,iOS,item_id,96
437,d79f8490886d4afb925451af336cef40,2017-10-07 00:10:09,199587.0,view_item,mobile web,item_id,1220
438,01c298f1d8b24c6194d61a087143e326,2018-02-20 14:09:21,232885.0,view_item,web,item_id,3061
439,42c25e4784474a2b941a24c55fa9beee,2018-02-19 17:09:21,232885.0,view_item,web,item_id,908
440,2ddbd7de38ba44c88f673d01a40394be,2018-02-17 17:07:21,232885.0,view_item,web,item_id,3133
441,9010e6b29c704a09a7688667489cb903,2018-02-18 15:58:21,232885.0,view_item,web,item_id,361
442,bff154bd8014464a84a25a84adf1ff83,2015-10-19 03:14:50,69650.0,view_item,web,item_id,2821
443,142b7e51d28143e3adf4df1f05251301,2015-10-20 09:58:50,69650.0,view_item,web,item_id,1391
444,48f8e9dca96b466a8e4ec181cf4c3c9b,2015-10-18 13:39:50,69650.0,view_item,web,item_id,2070
445,240c6f8c75e64d2fb77bdc3155f85d47,2015-10-18 16:23:50,69650.0,view_item,web,item_id,3747
446,d854816a3aab4a52bf6f049dc7f2ac3b,2016-03-27 20:57:13,101892.0,view_item,web,item_id,3756
447,44a3f01e7b7b4f89a9f5e1b9476cf1da,2016-03-25 05:12:13,101892.0,view_item,web,item_id,1317
448,ca6812ec380f4b2fa2cd9600fc931634,2015-01-08 17:27:47,48516.0,view_item,web,item_id,3639
449,abcdf14822934196869dd0226b0fd829,2015-01-10 17:16:47,48516.0,view_item,web,item_id,607
450,255e5810a74846e681f6afd82ca24cb9,2017-01-13 15:22:37,180490.0,view_item,iOS,item_id,1107
451,bbe4487c33b04a6e933ef1c7d4f95211,2017-01-12 18:02:37,180490.0,view_item,iOS,item_id,767
452,cbb1f2e381ce4d379cf81970afbc9598,2016-03-06 13:52:46,103527.0,view_item,mobile web,item_id,2451
453,1c6a58a71963442e93a233c2f28ac7cd,2016-03-08 00:50:46,103527.0,view_item,mobile web,item_id,2234
454,449372d8f77841ee84cd546e0ecf40af,2017-11-23 08:58:16,249132.0,view_item,web,item_id,143
455,56ad441863c946fc819b475c95ea83be,2017-07-28 22:06:05,216748.0,view_item,iOS,item_id,251
456,8bcfef37792444b3a483eaf205e5d140,2017-11-27 13:32:41,236146.0,view_item,iOS,item_id,3745
457,4f24dfc8333a4e0cab93abe97a3813d2,2017-11-27 03:47:41,236146.0,view_item,iOS,item_id,3555
458,78e6c71d992c4a66a63d77b2e83796aa,2017-11-28 03:10:41,236146.0,view_item,iOS,item_id,1951
459,1fe4cf7eaa0c4cb0911aa235a3b067c4,2014-04-10 02:43:54,9952.0,view_item,iOS,item_id,2839
460,5e8a98e1034c462d88b6975c206f82bc,2016-04-16 17:14:31,112318.0,view_item,iOS,item_id,3384
461,f2b46306fd0f455a824d9edff0e1ec5f,2016-04-17 10:45:31,112318.0,view_item,iOS,item_id,72
462,4b35ace7236d47bea20f8a8c15d4d4ed,2016-04-18 14:26:31,112318.0,view_item,iOS,item_id,171
463,933ee9d05fcf472a8896942aab0a5cf0,2016-02-16 18:54:14,94099.0,view_item,web,item_id,67
464,63f9c571562e436db34662097b6d9938,2016-02-16 23:29:14,94099.0,view_item,web,item_id,1455
465,af33d8c769b743e2b2297cbe1681bc34,2016-02-16 21:29:14,94099.0,view_item,web,item_id,1327
466,5188c0ed6e074e86b52443949e0ad149,2016-02-18 06:31:14,94099.0,view_item,web,item_id,1322
467,b7786f0f569745d8ad5683651643f108,2015-09-13 06:40:14,83199.0,view_item,mobile web,item_id,1278
468,a1903fd4337f435ca60eb9fbda942256,2015-09-12 08:35:14,83199.0,view_item,mobile web,item_id,1594
469,705afb3d0a07450fb6d5ad8cbce68ef4,2015-09-11 16:43:14,83199.0,view_item,mobile web,item_id,3862
470,134161d059e34b6bad97592a75f2321b,2016-09-13 12:20:16,151617.0,view_item,mobile web,item_id,2626
471,5315af97066f41fe9b14bc81b98b978f,2016-07-26 14:11:34,120429.0,view_item,mobile web,item_id,696
472,725e986a8b85415b861342490454d6bb,2016-07-26 14:34:34,120429.0,view_item,mobile web,item_id,265
473,96ceb130b4f8443ebcb32cee07e9a0e5,2016-07-27 00:58:34,120429.0,view_item,mobile web,item_id,2135
474,3fc305a6ec9048d189584bb32412e775,2016-07-27 08:22:34,120429.0,view_item,mobile web,item_id,1379
475,b4a8cee07686417885c580a0ee807858,2016-08-02 12:43:13,136672.0,view_item,iOS,item_id,2732
476,c1a7ed45363442ee922b78d31a425654,2016-06-14 01:00:27,110468.0,view_item,web,item_id,475
477,c5c21c8476bf498d990685ff0c17d20f,2015-02-02 09:47:17,47832.0,view_item,web,item_id,716
478,6bd4c298ff52467bb4498f1bd3bba9ca,2015-02-02 06:44:17,47832.0,view_item,web,item_id,2735
479,5dfd85796feb4a039c62b81b8f7dac8b,2016-11-11 12:43:14,130092.0,view_item,web,item_id,3047
480,de75f4d1328f4b4cae5b7d09ff3b5550,2017-11-27 16:02:20,226278.0,view_item,web,item_id,3273
481,d7aea8508e5f4af0bbdf5557f7ebd949,2017-11-27 20:52:20,226278.0,view_item,web,item_id,2549
482,42294c7625684559838c0c97db80aec4,2014-12-02 15:47:04,30781.0,view_item,web,item_id,3747
483,f7f5242e54ca48518de16a5b928405a8,2016-09-28 00:12:25,141241.0,view_item,web,item_id,835
484,7e685ec076324ddcbb643e2f839e6c8e,2016-09-25 15:50:25,141241.0,view_item,web,item_id,51
485,8b6c2c868f00497d8b7655704a056498,2016-09-26 20:35:25,141241.0,view_item,web,item_id,1741
486,55c22b212a074de988da8f7953918364,2016-09-25 08:49:25,141241.0,view_item,web,item_id,1084
487,d2e25f79a52e46faad3e2d635b80b005,2015-06-27 12:06:17,62455.0,view_item,web,item_id,3900
488,8fadee0e30854262b3d2592c714ad28b,2016-05-28 13:19:53,112858.0,view_item,iOS,item_id,1880
489,06d22d5f804142f4a75130e2ae4f0f6a,2017-07-29 06:48:39,219141.0,view_item,mobile web,item_id,2260
490,bd808d0ae1b14130a1c0fc814203cb19,2017-07-31 20:56:39,219141.0,view_item,mobile web,item_id,3752
491,5c7546e77a8b439b89b755c5acc0d48b,2017-07-28 12:58:39,219141.0,view_item,mobile web,item_id,15
492,a8c8e43e98bc4cd1afe57d2c54861cc1,2017-07-28 19:34:39,219141.0,view_item,mobile web,item_id,3747
493,b898b53bff26488086636535ed8dc6eb,2016-10-13 06:00:01,151126.0,view_item,iOS,item_id,2950
494,027fa45905ed41c589f2c9f105bfc0a1,2016-10-13 11:57:01,151126.0,view_item,iOS,item_id,3391
495,0f75f927c4a748bc8b745975b17a5c94,2017-07-07 06:37:16,195491.0,view_item,android,item_id,1372
496,d25d4fe6a4d24cd1ac12e631ddad1fae,2016-09-09 19:58:15,116886.0,view_item,web,item_id,1437
497,5fe79c972abd4b62af842a9ef23938ed,2016-09-08 23:24:15,116886.0,view_item,web,item_id,156
498,8da59133d62a44d497b9bf40ce01c582,2016-09-07 23:08:15,116886.0,view_item,web,item_id,3548
499,7bb408803c924b93a623df0d1165194a,2017-09-11 06:06:36,209989.0,view_item,web,item_id,306
500,9eb26062f4b84e828644c0f4b68e780d,2017-09-09 07:47:36,209989.0,view_item,web,item_id,551
501,5bcf8ca49c6740279c7b3501a0a8744c,2017-09-08 22:18:36,209989.0,view_item,web,item_id,3409
502,45ef425366e1473ba306fd0f3edbf27a,2018-05-18 11:56:12,268484.0,view_item,web,item_id,604
503,26b16495b68a4596bb2aed87649ab743,2018-05-17 21:49:12,268484.0,view_item,web,item_id,1164
504,00acf4e8e46e407c8d18c770e7b833e2,2018-05-19 18:53:12,268484.0,view_item,web,item_id,2550
505,f49f03a976024ac585e308707f2c7dbf,2016-09-16 03:37:18,135178.0,view_item,iOS,item_id,1335
506,5147e9d02de04b3a90b455518867347a,2017-08-27 01:05:06,186409.0,view_item,web,item_id,914
507,6335ec1b4d1f40a896cd0b10d6409f1b,2017-08-25 21:22:06,186409.0,view_item,web,item_id,3011
508,26061053673b4a1cb7a120637fd0a9ab,2014-05-14 07:27:41,14287.0,view_item,web,item_id,3701
509,5328b1df7c7e4bab8de0b27474b2f846,2014-05-14 05:16:41,14287.0,view_item,web,item_id,2823
510,727e4da3931949f8b6fe09b8c8771974,2015-06-18 06:14:52,51169.0,view_item,web,item_id,2920
511,8eef9dab5cbf4188b849a8d4d0724b1d,2015-06-19 02:29:52,51169.0,view_item,web,item_id,2592
512,09bfd3c371134c7c90d9b95e3f17035a,2015-06-16 06:20:52,51169.0,view_item,web,item_id,1375
513,9452ddcdedfa4decb6305ae737830f07,2018-04-01 14:42:05,237942.0,view_item,web,item_id,224
514,7378bb9c0c974598b27ce827f8d74136,2017-08-17 23:09:57,223344.0,view_item,web,item_id,1453
515,2a5e9ff22c9e4e9994e40a72bf3eaca8,2017-08-18 13:53:57,223344.0,view_item,web,item_id,460
516,1194f8e340164047b8fe8b684910f06a,2017-08-18 17:11:57,223344.0,view_item,web,item_id,13
517,f1b2e9af091b451c867c123b86535a62,2018-01-26 18:52:37,226669.0,view_item,web,item_id,3022
518,0ad9ff6d87d4431e907729452e6a359a,2016-01-22 07:47:27,80583.0,view_item,mobile web,item_id,3531
519,598c1df23f5c4eeeb9f4562210dd7931,2016-01-25 03:08:27,80583.0,view_item,mobile web,item_id,3525
520,5b08fefbba334e098bc50372a43a84cd,2016-01-22 14:18:27,80583.0,view_item,mobile web,item_id,3085
521,8ad217f8184a4c2d8b13e6ff41ddb0ed,2016-07-22 21:35:55,129558.0,view_item,web,item_id,3990
522,929126d41d6a4e07913979a95825b9f9,2016-07-23 07:43:55,129558.0,view_item,web,item_id,3905
523,da73218c0a144e1b8f8c16550dc3046d,2016-07-22 01:49:55,129558.0,view_item,web,item_id,2959
524,1c2c927d203843c3bd4f1cdd54af618c,2018-04-19 18:22:26,268669.0,view_item,web,item_id,1595
525,5146a1c7035d4c83b3419ce61ed26d52,2018-04-18 01:19:26,268669.0,view_item,web,item_id,3987
526,9e3abc1590a343028a093ac82f0d58dd,2017-12-08 18:39:59,243403.0,view_item,web,item_id,601
527,397fe24d66224be3b72db26bfbbe895d,2017-12-07 23:12:59,243403.0,view_item,web,item_id,2156
528,4e03557afc6140b08b1ac29014e8c598,2017-12-08 07:57:59,243403.0,view_item,web,item_id,2098
529,a167c18024a241aeb4a28567f0fb305b,2015-07-13 14:14:41,80851.0,view_item,web,item_id,353
530,b2da0da1f4ec4285a172fc501c33e826,2016-11-30 23:40:41,170076.0,view_item,web,item_id,1510
531,98867e4345044077a420d8fd780c0322,2016-11-29 15:26:41,170076.0,view_item,web,item_id,3777
532,42f131f5add6460aa2476477303230be,2016-11-28 22:26:41,170076.0,view_item,web,item_id,2880
533,8f3e12081c994c65ba0d6291bf340ad3,2016-12-01 05:49:41,170076.0,view_item,web,item_id,2880
534,c15a7af37b4c4dde95efb09d6985834f,2015-01-13 00:11:57,52323.0,view_item,mobile web,item_id,2269
535,6e6000769cc44d80b46fd90121cf38e0,2016-11-12 21:44:54,144296.0,view_item,web,item_id,1357
536,d92c2cbfb8d245cb85ff772b79a9d01e,2016-11-11 20:52:54,144296.0,view_item,web,item_id,3730
537,4d6cf20b35d44973be445547d3426079,2016-04-12 23:03:04,94053.0,view_item,mobile web,item_id,2714
538,986cdab8f4f04d63a5e679a8ef87bc37,2018-04-01 05:39:52,270658.0,view_item,iOS,item_id,1389
539,bace2f91bdce463db7fdc8f2698155a6,2018-04-01 14:40:52,270658.0,view_item,iOS,item_id,3785
540,923b0300d879447db140185f191ead02,2014-09-21 13:35:45,22656.0,view_item,web,item_id,3531
541,9c5742a882df4251a5f0eee4c041c06a,2018-02-15 20:02:49,252687.0,view_item,mobile web,item_id,1809
542,5022780a1a8247b390f8ac28efda43a8,2018-02-16 19:01:49,252687.0,view_item,mobile web,item_id,2495
543,a947e8ced82243a0a0b30dd7cf0ef680,2018-02-17 18:04:49,252687.0,view_item,mobile web,item_id,3824
544,61ef66499c054feaac78149ab5265ba3,2018-02-15 01:12:49,252687.0,view_item,mobile web,item_id,110
545,8be7dcf550d54729a40467a52e1c5f7e,2015-07-26 21:52:38,62557.0,view_item,web,item_id,1212
546,3421b2f605e7425f8a0130c61fb636fe,2015-07-27 16:07:38,62557.0,view_item,web,item_id,2409
547,6b2398070d684d52a38e7ddcfc3d501d,2016-04-22 02:08:45,110506.0,view_item,iOS,item_id,3105
548,11445c2ff17f4108916f79eb937d3fdb,2016-04-19 10:53:45,110506.0,view_item,iOS,item_id,3063
549,6337dd8115134bf68457ae810a125e37,2016-01-22 17:16:11,94982.0,view_item,web,item_id,360
550,a37349088e7b42af8cfb53a1882a40d5,2015-05-13 10:49:10,63570.0,view_item,web,item_id,1619
551,59dd01343835439da171b2d43b702122,2015-05-15 15:05:10,63570.0,view_item,web,item_id,3281
552,ed8431db675542fbb6eb8330bfef69d4,2015-05-13 22:40:10,63570.0,view_item,web,item_id,2343
553,2f3a6f87492f4f4aad69623a614271cc,2015-12-21 14:17:28,80372.0,view_item,web,item_id,3895
554,9f28875f579047349714dc6e50bfe095,2015-12-22 20:33:28,80372.0,view_item,web,item_id,3857
555,1b2bea76556c4d63bbfaf24c6a201039,2015-12-22 14:14:28,80372.0,view_item,web,item_id,3993
556,8938c3ad377b48aeb30ca50ee9b1ecc6,2015-03-18 07:23:32,51885.0,view_item,mobile web,item_id,2357
557,70e24c37748a43c08f7b834d78a76a89,2015-03-18 18:11:32,51885.0,view_item,mobile web,item_id,870
558,4d551f2808b344bd899bf19b67e72c6e,2015-03-20 06:08:32,51885.0,view_item,mobile web,item_id,42
559,38232e9e31a94bfcad6fb337e86af9f7,2017-11-24 11:42:03,246314.0,view_item,web,item_id,466
560,5fd1d95383f44985b04d0ddc567bf699,2017-11-23 14:32:03,246314.0,view_item,web,item_id,477
561,aa47d24af773425183b56a6961a69e68,2016-10-07 05:08:23,129938.0,view_item,web,item_id,2379
562,940209cf626842ce9491b8d6eca73bb8,2014-07-02 03:07:18,24691.0,view_item,web,item_id,854
563,14c09928d74645beb0ea29e77535752f,2014-06-30 21:04:18,24691.0,view_item,web,item_id,1355
564,66c76cf4846945dc8b37c2d05ebe5483,2014-07-01 00:08:18,24691.0,view_item,web,item_id,1194
565,2c737f0860544df4b43440da7725de7a,2015-04-20 15:55:48,52103.0,view_item,android,item_id,3236
566,1dbec6f095a54b068d8d76104dec3fd1,2015-04-18 11:08:48,52103.0,view_item,android,item_id,2981
567,7619841d3fdd4327a37a953c4d76400c,2015-04-17 21:38:48,52103.0,view_item,android,item_id,3668
568,79e924fb1a3049f4acb6e5165adf5f45,2015-04-19 07:55:48,52103.0,view_item,android,item_id,3842
569,43f589c9363a49cebcf90b4fd7d4099a,2015-10-04 12:25:43,73765.0,view_item,web,item_id,2909
570,54974df7dc444863b3c155f5fdeb07c5,2015-10-02 02:42:43,73765.0,view_item,web,item_id,2135
571,b5a6b5544a7d40109ae478ec5f5f96a8,2016-07-22 14:18:15,136284.0,view_item,web,item_id,1250
572,fb8f440793f346f795dfe6353c8249e5,2014-04-18 05:15:29,15172.0,view_item,iOS,item_id,1214
573,475f1ef77d59435ebc4577d2f9f34503,2014-04-19 16:51:29,15172.0,view_item,iOS,item_id,570
574,d0862248ba484376a81294d9f349febb,2015-02-02 07:25:43,43647.0,view_item,mobile web,item_id,183
575,6d848b748139427e90f8a07e900c5589,2015-01-31 12:49:43,43647.0,view_item,mobile web,item_id,1981
576,d19d49bfcca84145bd20125b41f644ba,2015-02-03 15:18:43,43647.0,view_item,mobile web,item_id,1117
577,4dc873b2d218403493ec697b51a5c147,2016-09-01 02:46:58,139978.0,view_item,iOS,item_id,757
578,5b59e1c8f9c343a4a7f553bcdbe9d36b,2016-09-02 16:22:58,139978.0,view_item,iOS,item_id,21
579,51137ec9e7b44ceebc4e07fcca3c01d2,2017-02-18 11:14:16,164793.0,view_item,mobile web,item_id,2083
580,8ec36a6e40e941b4bd74e668df915dc1,2016-08-07 05:35:02,127701.0,view_item,mobile web,item_id,3455
581,cc76199c5f27437ab8116f6365500adc,2016-08-08 02:49:02,127701.0,view_item,mobile web,item_id,3629
582,174ca66c335149919294203568ad8291,2016-08-08 16:34:02,127701.0,view_item,mobile web,item_id,1625
583,04527e121fd448e4ae6747ef3914fefc,2016-08-06 13:36:02,127701.0,view_item,mobile web,item_id,537
584,685f90c33823485da1afa6745eeecc0b,2018-02-11 08:24:50,254181.0,view_item,mobile web,item_id,3499
585,8ff4173f0ce14a539a9cc6927fa01565,2018-02-11 17:43:50,254181.0,view_item,mobile web,item_id,464
586,15a215fd37984abc99a6aada8ebed12e,2018-02-12 18:42:50,254181.0,view_item,mobile web,item_id,388
587,561f086751fa429a86481b6a24984a16,2015-04-20 07:33:26,51627.0,view_item,mobile web,item_id,3301
588,de50964f5caa4028996f9b4ab2249541,2015-04-21 03:21:26,51627.0,view_item,mobile web,item_id,2421
589,1db619c0d6b14a0193601cb5716fa390,2015-04-20 14:36:26,51627.0,view_item,mobile web,item_id,3681
590,965fe0fa55814022a74153820bc951bc,2015-12-03 22:23:12,89468.0,view_item,web,item_id,156
591,37669a599a524af084a23cf36d2a4c62,2015-12-05 07:11:12,89468.0,view_item,web,item_id,3993
592,79b8f3e848a54c1f870a00509d6df640,2015-12-06 10:50:12,89468.0,view_item,web,item_id,282
593,4b441155cb6242798d7d278a05c9b517,2016-01-11 10:04:22,83129.0,view_item,android,item_id,2142
594,481053f4279c4055859cbc7b242a7dc8,2016-01-11 05:29:22,83129.0,view_item,android,item_id,209
595,cecd077de7e045f7a27d99d40487b801,2016-01-10 20:07:22,83129.0,view_item,android,item_id,1719
596,3098f2d3805142a388f2f4d7bf35a492,2016-01-11 14:11:22,83129.0,view_item,android,item_id,2105
597,d2e480e9548d4096b802ad246d6fe1da,2017-04-20 21:22:47,194538.0,view_item,web,item_id,3943
598,b51648bb76ba4633bfa2f364775d982f,2016-11-29 14:01:18,155020.0,view_item,iOS,item_id,923
599,a6b70fb61a2b4e0fbbd33880ed56cd96,2014-08-14 01:02:42,25783.0,view_item,web,item_id,3610
600,beee691eb8104e7f95161a8f27b3d212,2014-08-14 05:40:42,25783.0,view_item,web,item_id,3308
601,e0f84e2f07554ec5831553b30de4bb7e,2017-03-20 18:45:21,169894.0,view_item,iOS,item_id,2213
602,99b982c4e4284cf99015801f67204809,2017-03-22 11:33:21,169894.0,view_item,iOS,item_id,3421
603,4890a0b9adc1405c8b9083b23b297e13,2017-03-21 21:25:21,169894.0,view_item,iOS,item_id,2001
604,380bb1e71f414ee795812f4e6eccaef7,2017-03-21 15:14:21,169894.0,view_item,iOS,item_id,640
605,c02a308867bf4d26a4b3d61b1d0787dd,2015-01-31 18:33:08,52870.0,view_item,iOS,item_id,2624
606,289d3becbdc64c709fbefa183b2a6cce,2015-05-30 21:32:53,47942.0,view_item,web,item_id,3168
607,c302545cc7554538beddfdb51bd19a08,2015-05-31 15:30:53,47942.0,view_item,web,item_id,3161
608,5246918700a64f39a1159725f8bf0ffe,2015-05-28 15:06:53,47942.0,view_item,web,item_id,3341
609,07cc20f923e1449db492ba10be69bf5a,2015-05-31 04:28:53,47942.0,view_item,web,item_id,263
610,3db86bf596144d6a80f752ae50d27fa4,2018-02-07 23:00:43,237427.0,view_item,web,item_id,137
611,7b65e6474f03436a989fbb69297dfd80,2018-02-07 16:05:43,237427.0,view_item,web,item_id,1891
612,1fb1ecfa50d5401bb596500e4f8fd234,2017-07-08 10:46:16,191284.0,view_item,iOS,item_id,1049
613,453161901de84129a3de5feb7c5df44a,2016-06-28 17:35:38,115019.0,view_item,android,item_id,2151
614,26f95e73eba846e1b27f5bd40aaabe77,2017-11-09 21:26:35,207594.0,view_item,web,item_id,3041
615,59266ad09497463bad088b5b4ba83a81,2017-11-08 12:04:35,207594.0,view_item,web,item_id,1551
616,26243d1aecba4bc0806cd17de429522f,2017-11-09 23:46:35,207594.0,view_item,web,item_id,2185
617,b953a1764e22482389915d2ece2a417a,2017-11-06 21:59:35,207594.0,view_item,web,item_id,3002
618,e976f4ebee96496482d296a7ed919b5d,2015-10-14 01:42:59,80627.0,view_item,android,item_id,147
619,292d2b0112e4420ea26739665a8ed900,2015-10-10 22:16:59,80627.0,view_item,android,item_id,3203
620,2714cd6835c146dc8c666989f5eb39d1,2015-10-11 20:09:59,80627.0,view_item,android,item_id,835
621,7d1fe04b5be0487eb264370cdfb45886,2015-10-13 19:09:59,80627.0,view_item,android,item_id,1236
622,3b542568b7db47d683609c13c78a9778,2014-01-14 19:16:21,3724.0,view_item,iOS,item_id,2397
623,0784d594098840e9862e65b7c9fb5aef,2018-02-14 08:31:37,234502.0,view_item,iOS,item_id,1090
624,ea7d5309c1ba4e2094d56982648591a3,2018-02-15 08:18:37,234502.0,view_item,iOS,item_id,665
625,f025d2a6ff96483797bb8f51288c46d1,2018-02-16 05:38:37,234502.0,view_item,iOS,item_id,1412
626,d3744cf48c0b4242924f18a1abd8d40a,2018-02-13 05:34:37,234502.0,view_item,iOS,item_id,1725
627,86abf7f6e9264c0ba832a28337d969fc,2016-12-19 03:11:18,155546.0,view_item,web,item_id,2017
628,242dc2137c0d41f09b95ec738298b7da,2016-12-12 01:20:52,148645.0,view_item,web,item_id,3240
629,cdbde50848af47a18b97144faf7eca31,2016-12-12 11:10:52,148645.0,view_item,web,item_id,1042
630,b4df05c3acbb457884fc143cbf100798,2016-12-13 15:18:52,148645.0,view_item,web,item_id,592
631,fa9f861bbb4f4cb39c458da503739825,2016-12-12 09:38:52,148645.0,view_item,web,item_id,2688
632,0723a1baaf6640e0a9b6e8d1d2da6018,2016-11-13 13:59:33,165655.0,view_item,web,item_id,3147
633,b0e7be2863054d89ab4b678341e9c4ae,2018-02-17 10:16:52,229206.0,view_item,web,item_id,1230
634,d2b6b2b2e83a4c578978280064416ea9,2018-05-29 21:01:15,284807.0,view_item,android,item_id,1935
635,79417e1055d3493ab2c1a46c8274eb17,2016-08-08 09:37:19,146672.0,view_item,web,item_id,163
636,657f003fbb63462fa827f70e2651eeaf,2016-08-08 03:13:19,146672.0,view_item,web,item_id,3167
637,6d3200fc83a342739afab01202715237,2016-08-07 23:25:19,146672.0,view_item,web,item_id,2778
638,0b78fcf16ffd45b7bc92fe0088bade8f,2013-06-20 20:45:18,2111.0,view_item,android,item_id,275
639,9e97ac589c1c492f8e0f716e0468cfa6,2013-06-21 01:39:18,2111.0,view_item,android,item_id,3477
640,bfc80260082c4bdbab51226a87b978a8,2013-06-21 03:47:18,2111.0,view_item,android,item_id,2787
641,d3ff41c2ee51442bb3ea594563d02b96,2017-03-04 04:56:46,154717.0,view_item,web,item_id,1144
642,bb00326539a94089833125bbce41286d,2017-03-04 22:32:46,154717.0,view_item,web,item_id,230
643,f91bc7de270a4081af2841ea0055d41a,2017-09-12 16:57:54,227934.0,view_item,web,item_id,2901
644,5ec73f86758f4cb69906dd397faedc13,2017-09-13 03:17:54,227934.0,view_item,web,item_id,504
645,19cd66237b0845158ffb63c61eb88474,2018-01-10 22:36:46,246955.0,view_item,web,item_id,1271
646,b4998c743f95461cbe57a08ff3ad4541,2013-12-04 10:34:49,3585.0,view_item,mobile web,item_id,3937
647,7f0c392596714e61b456b0740f37162f,2013-12-04 11:22:49,3585.0,view_item,mobile web,item_id,1733
648,1bc9023e94c34355b87bba48935b5ed3,2013-12-04 17:57:49,3585.0,view_item,mobile web,item_id,2112
649,f3d19bb3266240b9a259adc734fcc547,2015-02-26 09:31:41,46325.0,view_item,android,item_id,502
650,0d23131978ed41b3a932e653b530e282,2015-02-25 03:18:41,46325.0,view_item,android,item_id,2537
651,70784b900cb24ae98b07faa4ad988a4d,2015-02-25 13:56:41,46325.0,view_item,android,item_id,3812
652,bb0a3651c8d1417c94c1b72b9a5a75bc,2015-02-26 01:30:41,46325.0,view_item,android,item_id,3639
653,e11061e005a2489989a4713301e766fb,2016-12-09 22:49:31,167751.0,view_item,mobile web,item_id,2232
654,5f8bc448f124420abcce0146cf874848,2016-12-09 15:29:31,167751.0,view_item,mobile web,item_id,3799
655,f70056a0f7dc4c89bfa2daa8b3f30bff,2016-12-11 09:49:31,167751.0,view_item,mobile web,item_id,2889
656,02198600f4634fb59699c6496c36e968,2017-05-06 18:49:13,182425.0,view_item,web,item_id,684
657,bb82185ff5a041a4b71641978afac605,2017-05-06 15:26:13,182425.0,view_item,web,item_id,3036
658,34bd920286ea4720a2a3a0e6511a0ad2,2017-05-04 18:35:13,182425.0,view_item,web,item_id,2134
659,5ff19f12d03c4f788531588011f255e2,2014-06-06 07:00:59,23477.0,view_item,android,item_id,297
660,6e916cf95fcc44f0a3b42cdcfde169a5,2014-06-06 22:45:59,23477.0,view_item,android,item_id,2199
661,60e9fdb402ce4d12a364b295cb5c4517,2014-06-04 19:44:59,23477.0,view_item,android,item_id,1384
662,e5089c8f57c5439fbe733a442fed8b05,2016-04-21 01:50:47,92259.0,view_item,mobile web,item_id,2592
663,4a450368ace44692ac6c51862c1b048c,2016-04-18 20:53:47,92259.0,view_item,mobile web,item_id,279
664,690fd1574fe3410cae739006ba5a756a,2018-06-01 14:28:36,288955.0,view_item,web,item_id,3583
665,03b2da76c37c4892b359bae539e54175,2014-01-07 10:05:52,6569.0,view_item,android,item_id,3459
666,ccc6049efb0f4facbde6d6115988fea6,2014-01-06 13:20:52,6569.0,view_item,android,item_id,55
667,7552c933b3c742a3a98ce3a42b66a413,2014-01-07 21:33:52,6569.0,view_item,android,item_id,316
668,ebbb6dc79704477092bf1696288ca33e,2014-01-07 05:58:52,6569.0,view_item,android,item_id,3249
669,9b0eaec7eea3407e99d768e3d79ba2af,2016-12-15 05:12:24,149381.0,view_item,android,item_id,1364
670,68d8cd9bccd34721ac5859f4f105c20f,2016-06-10 10:16:20,105715.0,view_item,web,item_id,3434
671,e0280d1796154e29858623e4da6308c3,2016-06-10 10:19:20,105715.0,view_item,web,item_id,730
672,d6f9ffff45f1403798be585ad2de3b85,2016-06-11 11:09:20,105715.0,view_item,web,item_id,2577
673,1eb6c032073f4774b386b490018eff26,2016-06-11 04:14:20,105715.0,view_item,web,item_id,941
674,32a9c9a37e63454da176cc14977cd6b2,2014-05-23 13:39:17,16345.0,view_item,web,item_id,3179
675,9433e15fac3747788c807bdaff6f2be8,2014-05-23 06:06:17,16345.0,view_item,web,item_id,3761
676,b4444814ae364f02ac0f4420e97e327f,2014-10-31 11:22:27,34169.0,view_item,android,item_id,3122
677,f16ac47be9e74c2d8b5b209fc5e9fb29,2014-11-01 15:44:27,34169.0,view_item,android,item_id,615
678,e549024e75f54f2a88e799928949d1f3,2014-11-01 04:51:27,34169.0,view_item,android,item_id,3328
679,613692b8ea984550baf9b26a6c7fe569,2014-10-31 17:51:27,34169.0,view_item,android,item_id,196
680,cd583a3e535c4c5c8ac3c7ef5cf26b6a,2016-03-15 06:31:22,104549.0,view_item,android,item_id,1295
681,bf71f6f3922947d6904c599e61328ed2,2017-06-25 20:56:10,199601.0,view_item,android,item_id,411
682,cbd6ca03efc44fb5bc280857fbaaf24a,2017-06-25 00:01:10,199601.0,view_item,android,item_id,2978
683,b1e97808f5f2415eaa12ff26fdd7a055,2017-06-27 06:50:10,199601.0,view_item,android,item_id,1853
684,22fa13bd9dc14dab9a1e823b4e8d5a10,2017-06-26 10:27:10,199601.0,view_item,android,item_id,1994
685,00f56d64389c4b92b98119954c4d8689,2017-04-21 02:13:14,187952.0,view_item,web,item_id,3278
686,9dade8c6070c4ae580a2d4e9a975673d,2017-04-19 04:23:14,187952.0,view_item,web,item_id,2764
687,9a0597ab5ead41bc8ba3921d5edc49bc,2016-10-25 00:12:54,125325.0,view_item,mobile web,item_id,3719
688,a07e080505ff44c38a510371f4f8975e,2016-10-25 14:08:54,125325.0,view_item,mobile web,item_id,1789
689,3e75b18fbae347179ab6c85547e0d50f,2016-10-27 02:09:54,125325.0,view_item,mobile web,item_id,183
690,4ff5dcfcec434528bfe0c0bf5c708e60,2017-06-11 22:34:03,182145.0,view_item,mobile web,item_id,595
691,8f1677a4d85a40559a8c5ac4f258f791,2017-06-12 16:48:03,182145.0,view_item,mobile web,item_id,2688
692,99c8777f30104698b6f1fe4a7cb42b0a,2017-06-12 14:05:03,182145.0,view_item,mobile web,item_id,260
693,82ff8b7118714e7e848a79fff7e65e7c,2017-06-11 22:38:03,182145.0,view_item,mobile web,item_id,3599
694,365c8d475e064ccc90c4744782df270d,2014-08-06 14:15:28,27239.0,view_item,android,item_id,358
695,a6ce6c27a6bc49919352605fdcaafe25,2014-08-07 06:11:28,27239.0,view_item,android,item_id,3673
696,58c5092732e044eb9ed17491f2f43625,2014-08-06 08:41:28,27239.0,view_item,android,item_id,2208
697,3574701080464fbaba13529f201320fd,2014-08-05 18:35:28,27239.0,view_item,android,item_id,1192
698,5590d1d3824b468f9fcebaa8560f7e0e,2015-06-06 02:11:25,71699.0,view_item,android,item_id,826
699,00dfece13f1a400294ecc1f095aff046,2015-06-05 01:21:25,71699.0,view_item,android,item_id,3212
700,1e53c667445f47808f0f1a4fabd73a61,2015-06-04 11:44:25,71699.0,view_item,android,item_id,699
701,416acf59c1874e35883c46849fe994d3,2016-09-02 11:56:03,152045.0,view_item,android,item_id,2086
702,2634e30ef76c42a0aefa0ebd89d1a524,2016-03-02 00:36:02,85296.0,view_item,web,item_id,3777
703,22d4ce62ba57488b891dfbf647831ded,2015-11-30 13:55:45,93606.0,view_item,web,item_id,3114
704,f633470a6303445e98ce97f8cffb3b1a,2015-11-30 17:29:45,93606.0,view_item,web,item_id,2829
705,d483293918dd4ce489d9941e19de99e0,2015-12-01 08:33:45,93606.0,view_item,web,item_id,188
706,109098519f30484984e621ea9ed0873e,2015-11-30 17:46:45,93606.0,view_item,web,item_id,2651
707,91f59cb24db34d47914b46cc5a70b7d3,2015-08-10 01:34:50,73575.0,view_item,mobile web,item_id,52
708,e82863aa605e4a8cbe6f35370c36c2d1,2015-08-09 09:43:50,73575.0,view_item,mobile web,item_id,2465
709,662b3778f24849dc8f765643707f0900,2015-08-08 08:21:50,73575.0,view_item,mobile web,item_id,3691
710,237fb7c339854a7195604ae6c972c41a,2015-08-08 12:24:50,73575.0,view_item,mobile web,item_id,2035
711,d63a5e57be834ff1b02cb49702f6a1b1,2015-03-17 12:59:18,39020.0,view_item,web,item_id,2241
712,391fd86e737f4f44938fabe70cbe8af2,2018-02-02 10:42:22,263888.0,view_item,web,item_id,619
713,32540d40a7ef40baa0077318196bcbea,2018-02-02 12:40:22,263888.0,view_item,web,item_id,3474
714,e0f44dabcf154aa391265212de6fe369,2018-02-01 14:46:22,263888.0,view_item,web,item_id,276
715,9797c74904724a868494f458c7b20bcf,2018-03-25 16:54:00,241138.0,view_item,iOS,item_id,3498
716,c3a0c83cde5c460b9dcaf6506ba97e10,2018-03-26 20:26:00,241138.0,view_item,iOS,item_id,2807
717,c8914d2239144047a6d0415f20e0898a,2015-12-03 15:39:34,88788.0,view_item,web,item_id,1734
718,cc82be4cd5b14ddf969098de69804084,2015-12-03 08:20:34,88788.0,view_item,web,item_id,3348
719,a5f5017d354441eea2f842dc2e979d1d,2015-01-07 03:11:39,50829.0,view_item,mobile web,item_id,2274
720,9796996ad17b4d76b7122e68d9b2b162,2015-01-09 04:21:39,50829.0,view_item,mobile web,item_id,3610
721,0d05bf3514804003bab73c15f3cb4d76,2016-07-26 12:10:55,141733.0,view_item,web,item_id,3024
722,5a19c4f6881642e1888e687f916dba04,2016-07-25 09:30:55,141733.0,view_item,web,item_id,3452
723,15f95a7e4c2a429d946f859ac2b5374a,2015-01-27 10:39:56,48387.0,view_item,mobile web,item_id,464
724,dab87f871176425b98d63400fbe380b4,2015-01-27 20:05:56,48387.0,view_item,mobile web,item_id,1926
725,036a89ab5bfd45b6aee9a27fc3d1cebb,2015-01-27 09:47:56,48387.0,view_item,mobile web,item_id,1696
726,bbb8a6f2a10743f78af1ca8cf4592f6c,2015-01-25 16:06:56,48387.0,view_item,mobile web,item_id,246
727,e7fa5e050977479b877bedc461734ed6,2018-01-30 22:18:57,221280.0,view_item,web,item_id,2233
728,8312bc4cabf14705ae22fcbc4e6c0447,2014-03-01 19:27:20,17595.0,view_item,mobile web,item_id,3289
729,7d7848b20b74414386894cdee5c72895,2014-02-27 01:57:20,17595.0,view_item,mobile web,item_id,1242
730,fb066ec254a74908ba22315384862c7b,2014-02-27 16:51:20,17595.0,view_item,mobile web,item_id,1088
731,6466d4ca78dc4af9b820a629789db4c9,2014-02-26 16:11:20,17595.0,view_item,mobile web,item_id,2730
732,26f6dce04d4844699859afb5b6d3ab47,2016-05-26 23:28:30,115624.0,view_item,iOS,item_id,2476
733,f7e7ae1d2bda4801a6ed367acd9ae1b6,2016-09-07 21:26:59,118388.0,view_item,web,item_id,1566
734,fa98d58d31fc49ae9fc251041c5f85ea,2017-10-28 05:26:34,245115.0,view_item,mobile web,item_id,1461
735,b399b0b3cd5f4ad193e598e43d5ede91,2017-10-27 20:49:34,245115.0,view_item,mobile web,item_id,3070
736,8c28b54dc39145488497f059b2c58020,2017-12-19 14:52:19,250118.0,view_item,web,item_id,669
737,e5561ca2498c42c080178242dd52e72b,2017-05-20 18:09:21,170102.0,view_item,web,item_id,1487
738,bfd6f0bb3eff4b3d88e02e1560024feb,2017-05-20 22:48:21,170102.0,view_item,web,item_id,858
739,2c4e79b666754e3783509efe26194e9a,2017-02-18 22:21:25,152878.0,view_item,iOS,item_id,141
740,6c3af3cda580452db5469d99fdbc5a8d,2017-02-20 06:09:25,152878.0,view_item,iOS,item_id,3341
741,ef1695e48d194ac6a68f5eec8e5b23f5,2017-02-18 11:35:25,152878.0,view_item,iOS,item_id,2688
742,96b34d55c334434da4b100c9d02bafe1,2017-02-17 20:27:25,152878.0,view_item,iOS,item_id,3308
743,7f0558ece74c48c7ac486b1303b6b946,2014-12-11 22:19:36,33767.0,view_item,android,item_id,3203
744,b7ec219926a94843be635a4ae0c52352,2014-12-10 18:00:36,33767.0,view_item,android,item_id,1659
745,1c590629c2514637b36e84bddafc8b6c,2014-12-10 00:56:36,33767.0,view_item,android,item_id,1393
746,89fe5245cb4d4421b25ada7e45a4c683,2014-12-11 05:42:36,33767.0,view_item,android,item_id,3264
747,d3848c5d25ff4469aa094a7b6c0868cc,2017-05-13 01:53:03,193692.0,view_item,web,item_id,1519
748,8a9ee1d385bc492d944b857304938fb9,2017-05-13 16:46:03,193692.0,view_item,web,item_id,1259
749,cff6e0fc10f34e3aba20eeba0e14f996,2017-05-11 23:21:03,193692.0,view_item,web,item_id,3391
750,26c306b654a245bf98b62b76b8906629,2013-09-16 21:28:31,2666.0,view_item,web,item_id,2583
751,11fb82e40537414385f4c4d39e8fd5d3,2013-09-15 04:15:31,2666.0,view_item,web,item_id,2555
752,ccf6f8b49c514418a116145d4feba23a,2018-04-01 23:05:46,253098.0,view_item,web,item_id,1699
753,5b4c9a9928f34fb1a80fa64884cc786d,2018-02-23 08:28:06,240346.0,view_item,iOS,item_id,3464
754,c0ae406d1c2e45aaac752c0ec26db904,2018-02-23 00:05:06,240346.0,view_item,iOS,item_id,3240
755,70f01dbb65714729ac2b7da16b01bfbc,2018-02-20 19:50:06,240346.0,view_item,iOS,item_id,21
756,acb0a278219c4efabf18b15e5be14608,2015-03-27 18:38:11,61370.0,view_item,web,item_id,1124
757,e5d1bf55f5324bc0abafd56087a5e939,2015-03-26 00:56:11,61370.0,view_item,web,item_id,360
758,193d32d207f246e1b7306a874140790b,2015-03-26 00:08:11,61370.0,view_item,web,item_id,3265
759,8213e32e837a40e6a88c4d0075650d03,2017-05-25 21:15:51,165462.0,view_item,web,item_id,559
760,7804d5b3c80c4635a56072604d21611f,2017-05-26 08:48:51,165462.0,view_item,web,item_id,2399
761,37d574bbed58439da4993a837066c11f,2017-05-27 16:03:51,165462.0,view_item,web,item_id,553
762,3de59498cbe04831bf7452888d76a5cb,2017-05-27 12:18:51,165462.0,view_item,web,item_id,2559
763,8cc057153c20429eb6aafcfec71b738b,2016-10-17 13:30:06,139578.0,view_item,web,item_id,19
764,47c22336804c405eac6d9d741c1bee89,2016-10-18 18:12:06,139578.0,view_item,web,item_id,400
765,e3fa945698514b24a6f399a6356fc3a3,2016-10-16 16:11:06,139578.0,view_item,web,item_id,3577
766,e49a9e60d6604f22b77088a54965fd77,2015-02-06 12:41:07,41672.0,view_item,web,item_id,2710
767,4cbaaa3c427c4becbaa1eb4584a88645,2015-02-05 05:53:07,41672.0,view_item,web,item_id,1799
768,916c01b390a745c993f0d45f841aee2d,2015-02-05 08:26:07,41672.0,view_item,web,item_id,3044
769,8b8b92916bbb4f5da805deda2d821425,2015-02-04 13:29:07,41672.0,view_item,web,item_id,1908
770,893934e3eb9446f0a237dbcc25509231,2017-10-05 21:56:16,233697.0,view_item,mobile web,item_id,595
771,78b0b252145b466e9fea266f2be3aba0,2017-10-05 09:05:16,233697.0,view_item,mobile web,item_id,2884
772,ec21ec49ddff467caf846e22909a3c15,2017-09-08 21:29:28,207427.0,view_item,web,item_id,3934
773,8fb5a0ce63014336bd05e645a129be8a,2017-07-30 06:21:48,215061.0,view_item,mobile web,item_id,1004
774,0045dc9f5b5c4c589300e83bdb48d4c2,2017-07-28 09:25:48,215061.0,view_item,mobile web,item_id,840
775,6a2034f379574016b8d0aaf19336b901,2017-07-29 14:20:48,215061.0,view_item,mobile web,item_id,3428
776,f8eca8d136114f52816557ee15733463,2015-04-28 07:47:27,44864.0,view_item,web,item_id,2477
777,1014d4d18309479180621ad014eeb48e,2015-04-29 00:08:27,44864.0,view_item,web,item_id,3475
778,91c73341ea6e499e9ba29f69a8e22932,2015-04-28 17:12:27,44864.0,view_item,web,item_id,355
779,a17e7a74d94241de9d1df73e2c1b509d,2018-02-17 02:49:55,233660.0,view_item,web,item_id,63
780,54014e481c8d44acad7954ba8d397ba0,2018-02-17 02:52:55,233660.0,view_item,web,item_id,118
781,55e820bcf04045359cf436848a241779,2017-09-07 23:52:54,195279.0,view_item,mobile web,item_id,3676
782,df22405ec9fb47b18b32c35d9a76f13f,2017-07-21 23:21:04,179005.0,view_item,web,item_id,3497
783,c1c5809b834a452da2a605866f5e0655,2016-08-08 08:33:53,132744.0,view_item,web,item_id,2016
784,183f047fa22b4bf796769f2c8a609e3e,2017-06-22 11:34:40,197642.0,view_item,web,item_id,3152
785,2bf28bc28b2b4554b2f5215fa31f500b,2017-06-19 09:01:40,197642.0,view_item,web,item_id,561
786,45d48fc189c749b9882596d4b8add802,2017-06-20 15:34:40,197642.0,view_item,web,item_id,2705
787,780913d4a1784d1a81006079718982c9,2014-12-02 20:49:31,37173.0,view_item,mobile web,item_id,3768
788,d76a89e499ab4cc88287f99d7802fbf2,2014-11-29 13:53:31,37173.0,view_item,mobile web,item_id,1656
789,150b9d4c11e1420ea595531517217ad4,2018-05-23 03:03:20,284605.0,view_item,web,item_id,3014
790,f18053c667364f6ead865ff7d9c7b893,2018-05-24 07:21:20,284605.0,view_item,web,item_id,2408
791,af825b8d8c3d4fe99997abdbbf1a9532,2017-11-16 02:55:44,237568.0,view_item,iOS,item_id,2028
792,9d3ade8ed5c9476a9c779741631b300b,2017-11-17 06:58:44,237568.0,view_item,iOS,item_id,519
793,7593280209674c75845c9113b2a15808,2017-11-19 03:37:44,237568.0,view_item,iOS,item_id,1420
794,b51d5361068e4e7e9b2df3506fa10282,2015-09-28 19:03:56,88300.0,view_item,iOS,item_id,806
795,64f19d90dc8c459ba616f74dd0d5582e,2015-09-29 22:35:56,88300.0,view_item,iOS,item_id,930
796,ab900920acd9486d9e4d9cb0dcd4de4b,2015-10-02 03:22:56,88300.0,view_item,iOS,item_id,80
797,1c746ff4f92846f1b29de89b488f297f,2015-09-28 20:33:56,88300.0,view_item,iOS,item_id,336
798,a195287beff34247ae9166699592d6f9,2017-04-29 14:28:03,182477.0,view_item,android,item_id,1514
799,94059f730e9b44c0b9dade052580bd1d,2017-04-30 20:52:03,182477.0,view_item,android,item_id,2425
800,cdebd75782804244bc389cef45a8565f,2016-01-27 10:18:14,97081.0,view_item,web,item_id,3435
801,1bd9190d309447d9b05c94d006c3b735,2016-01-28 06:01:14,97081.0,view_item,web,item_id,3539
802,8a4aa3829e014a9da95ac8be9a650a1a,2016-01-28 01:22:14,97081.0,view_item,web,item_id,1677
803,9a2d062021cd45d9832d480992911773,2016-01-28 10:47:14,97081.0,view_item,web,item_id,1230
804,642eb1c2920d4c3595a7167345f1406b,2018-02-12 05:23:03,235043.0,view_item,android,item_id,2463
805,daac469823484f0a998c57fdd513dd99,2018-02-11 03:22:03,235043.0,view_item,android,item_id,3280
806,cf6334f7113d4e2b817e3ce93c2969c9,2018-02-11 09:49:03,235043.0,view_item,android,item_id,347
807,dcf936747e8a4eaab975cfbc0131cf2d,2018-02-11 02:30:03,235043.0,view_item,android,item_id,2157
808,46d28e6bac824c9dbeec263a91b17ca9,2017-07-11 17:45:38,201979.0,view_item,web,item_id,3305
809,047a4e77d549421083f6e94ef175f86b,2017-07-10 00:35:38,201979.0,view_item,web,item_id,3443
810,a5e256fe25b44ebbb03e6f299a4ca034,2018-02-11 19:13:52,268603.0,view_item,web,item_id,2954
811,828c469b4416482b84b3ae560067eefe,2018-02-11 10:41:52,268603.0,view_item,web,item_id,1686
812,116f1dd9d31841318c7a9026190bd0b1,2016-04-20 23:06:13,111380.0,view_item,web,item_id,1166
813,924daf8a9a1144509f233d18eccfed74,2016-06-13 09:26:05,108103.0,view_item,web,item_id,1403
814,63a4a053781241d1ba820a90b460dad4,2016-06-15 03:11:05,108103.0,view_item,web,item_id,3141
815,58c301037c4845bc8150767eeb2c3f4a,2015-06-14 11:40:11,71393.0,view_item,android,item_id,214
816,f7729fafb7db49998dadfa82ea6fc640,2015-06-17 02:45:11,71393.0,view_item,android,item_id,3922
817,b6592020512842adb360fec2fe2ee00a,2013-08-10 23:33:08,4084.0,view_item,iOS,item_id,597
818,9e3348011fcb48e3b0641874a1cb59f9,2016-12-29 18:17:18,142994.0,view_item,web,item_id,314
819,56e66516018b44d3a4eb6039db6b490f,2017-01-01 07:08:18,142994.0,view_item,web,item_id,1620
820,d449c81d52024defbd1306e8fd2fb452,2016-12-31 23:58:18,142994.0,view_item,web,item_id,136
821,32b75f282f41491e9293c243f9b6b4c4,2016-03-26 02:06:15,117019.0,view_item,web,item_id,2951
822,904c531b6e734acb91b251b9b3f44540,2016-03-26 10:38:15,117019.0,view_item,web,item_id,1280
823,9f85368cf68147349dd5832b216710cb,2015-11-13 17:08:54,89082.0,view_item,web,item_id,3757
824,1fbecdb7ade54b58ac6de663b70d46d3,2015-11-14 10:06:54,89082.0,view_item,web,item_id,2876
825,18e95aaa714d42f3b87b81124919bd9e,2015-11-16 09:21:54,89082.0,view_item,web,item_id,1516
826,77fc8bf954fa413d9a720e85fa98d93b,2014-04-21 01:00:30,16491.0,view_item,mobile web,item_id,1865
827,7d0fb31af34741a28e3098198fb91418,2014-04-23 06:24:30,16491.0,view_item,mobile web,item_id,2487
828,d3c7a4a6ad0f40aa8bbce8accfbccd0e,2014-04-23 10:43:30,16491.0,view_item,mobile web,item_id,36
829,09f5f05d0f364831a91cbb896390a0e9,2014-04-23 21:47:30,16491.0,view_item,mobile web,item_id,2368
830,3bacd1e6d691493f856c8e237188b7ff,2018-02-09 16:14:47,256591.0,view_item,web,item_id,2840
831,5e156f67d6f240fd853bad94e89f2556,2018-01-22 03:36:53,218705.0,view_item,android,item_id,2375
832,1efc4412a4884c0a8f03b4d2bff57d14,2018-01-19 21:05:53,218705.0,view_item,android,item_id,1826
833,2f015aa16e61491f9c173dcbdece32a8,2018-01-19 22:55:53,218705.0,view_item,android,item_id,3333
834,bb90ab064f4340528f169e7159d9eecc,2013-12-30 05:53:01,7091.0,view_item,android,item_id,1973
835,9218390a03d74320b24823ceb73b2e3c,2013-12-28 13:34:01,7091.0,view_item,android,item_id,3937
836,c28624cc2cd948a0a248c3243fe5c5e4,2013-12-29 22:47:01,7091.0,view_item,android,item_id,3506
837,4efd949ef1d04f5791f1350cd87998ee,2013-12-27 08:12:01,7091.0,view_item,android,item_id,1506
838,bd66e6c286fd4b79a57ccdd4fa372293,2017-10-28 13:00:03,216177.0,view_item,mobile web,item_id,2980
839,f19f85d1c7b64709bdfa3a1c12399a40,2017-10-28 12:28:03,216177.0,view_item,mobile web,item_id,1814
840,c867febb8acf4734bd77f5a282bdc39d,2017-10-29 01:25:03,216177.0,view_item,mobile web,item_id,3468
841,878758ae235f4feeb6095c578572d972,2015-02-17 14:05:53,49306.0,view_item,iOS,item_id,3878
842,db88ed210a1f41bbab4b1f7845c5ac75,2015-02-18 12:32:53,49306.0,view_item,iOS,item_id,637
843,b333ca7ccc90497f80fac6b8b5eb2951,2017-08-16 21:45:58,211853.0,view_item,android,item_id,3443
844,71f09e56cc324b39824622d0bdd110e1,2017-08-16 06:45:58,211853.0,view_item,android,item_id,1924
845,f3e6cfc5cad74729a8324f28b2371e8f,2016-01-03 15:14:13,84775.0,view_item,web,item_id,3988
846,fff50b9e9b154b2ea5b202b17dca7e46,2014-06-12 02:00:12,23568.0,view_item,web,item_id,3248
847,127cba5e1bd845b7936e6a325bd91d5b,2017-09-12 18:09:03,198005.0,view_item,android,item_id,1349
848,cd9358d2c74e46848a75df3d9648f8d9,2017-09-15 11:06:03,198005.0,view_item,android,item_id,3290
849,4311103743b742d7af4a52146f61f3dc,2017-09-13 19:24:03,198005.0,view_item,android,item_id,3370
850,c305f326fda5475d919ea7f41a7c7150,2016-06-10 14:00:52,109462.0,view_item,iOS,item_id,973
851,426c44704fc64ebdbffb9a78aeaba4bb,2016-06-13 08:40:52,109462.0,view_item,iOS,item_id,3485
852,010fdb4f69344e689de6d6f1570f79e4,2016-06-10 11:23:52,109462.0,view_item,iOS,item_id,2342
853,327382c4f6554207b286c5147b5fe900,2015-04-02 15:16:04,52485.0,view_item,mobile web,item_id,1369
854,a374a65c610644f88fc13dce71a9e3e7,2016-04-07 03:28:37,119025.0,view_item,mobile web,item_id,1472
855,8441e11718494cdbb5d353aaa4716556,2018-05-17 08:03:10,282316.0,view_item,iOS,item_id,437
856,9ab831608094486d91babb1606e21803,2018-05-17 05:24:10,282316.0,view_item,iOS,item_id,3416
857,9d0cf930dabd4e66821717e9b10cf941,2018-05-17 19:44:10,282316.0,view_item,iOS,item_id,2843
858,7ed9aa67342443618b7e3ea29ad67f28,2014-11-13 16:34:01,32068.0,view_item,iOS,item_id,355
859,531ffb7da54e47b98fc62f8893268369,2014-11-11 07:36:01,32068.0,view_item,iOS,item_id,3658
860,c0d72da73d1344bcb6c23f272d2f3fa6,2015-12-04 10:42:44,97418.0,view_item,web,item_id,2018
861,e649f8c1546c49c2904ba83ad7aa8822,2015-12-05 07:13:44,97418.0,view_item,web,item_id,2818
862,9d5362e9651f499184353c9163912974,2015-12-05 12:28:44,97418.0,view_item,web,item_id,1031
863,cfe23b7ea5324d0a8728d60ea0f920ab,2016-08-26 11:47:21,133985.0,view_item,android,item_id,172
864,6f6717bae53a4d34b260a67a59b623cb,2016-08-28 11:44:21,133985.0,view_item,android,item_id,2022
865,5efafa5413dc485cadf8d93745fe3c23,2017-04-10 05:54:01,197449.0,view_item,web,item_id,2832
866,6bb07efda7e14343861856668ca782a3,2015-01-12 02:43:13,41766.0,view_item,web,item_id,1214
867,0e777d161732434a9917ac5484f4f3b6,2015-01-15 09:30:13,41766.0,view_item,web,item_id,3756
868,8a624c1e69ea4635be5f42bc19697648,2014-12-23 12:52:00,36831.0,view_item,mobile web,item_id,735
869,4b433d1e93734283a19f71960d585156,2016-12-14 14:24:33,136504.0,view_item,iOS,item_id,1494
870,99dd3e1303284f4cafffbc75df938360,2016-12-16 10:46:33,136504.0,view_item,iOS,item_id,1247
871,ebf4e8701c3d4cc4a04f728b2775f8a3,2016-12-13 04:56:33,136504.0,view_item,iOS,item_id,3019
872,e0e421b0e552411683e5a50e3e9f7849,2016-03-11 23:27:04,110125.0,view_item,web,item_id,2757
873,9f2840db09a2406380a017c226a29eca,2016-03-11 12:00:04,110125.0,view_item,web,item_id,1627
874,ddd3f6632ea4450aae71cf5d322e98d0,2018-03-13 01:29:43,253045.0,view_item,web,item_id,3114
875,86bc606dda674602805d03fbfb067c67,2018-03-14 21:19:43,253045.0,view_item,web,item_id,92
876,9e35ac35da69484a9f8009cba56e5d5d,2018-03-16 01:02:43,253045.0,view_item,web,item_id,2275
877,7d88886cb3d24b8793903bf8a91ad4eb,2018-03-15 09:52:43,253045.0,view_item,web,item_id,733
878,b9eae829871149a2b20c8d7f2723c20c,2015-02-12 05:03:28,35887.0,view_item,web,item_id,3690
879,7df2fa12028845da9e0f582f6a8a8d23,2015-02-10 19:55:28,35887.0,view_item,web,item_id,3033
880,8c9e145bed544c728822b27e9f68ec72,2015-02-11 23:42:28,35887.0,view_item,web,item_id,691
881,bbf6d58b18b34e7f82dfef16f61d5216,2016-09-30 04:55:31,130816.0,view_item,iOS,item_id,1105
882,a00b4791c25f40eda709a70ef27ef4aa,2016-10-01 06:52:31,130816.0,view_item,iOS,item_id,2465
883,68e5168240924a2b93bcd14e5e81cb1b,2014-05-14 07:19:44,10045.0,view_item,web,item_id,3152
884,faf28317ce1b482682ea060375de7a5a,2014-05-15 02:40:44,10045.0,view_item,web,item_id,2968
885,f6308bbb9d2048249c7de2660527c3e5,2014-05-15 00:48:44,10045.0,view_item,web,item_id,3540
886,bae919be956645d887c2ac4290f11163,2017-09-21 11:44:22,228315.0,view_item,mobile web,item_id,2422
887,2708e8b29cda4ddba95555a07d678615,2018-06-01 11:52:11,278411.0,view_item,android,item_id,1242
888,32dc3f9f5f9644499a86f2a45f489e73,2018-02-08 07:45:11,264161.0,view_item,android,item_id,3469
889,b9e4594a6d014740938c343d94151ef6,2018-02-05 02:52:11,264161.0,view_item,android,item_id,334
890,97ef4d2c613c474bb355f0140d78f0af,2018-02-05 19:08:11,264161.0,view_item,android,item_id,2977
891,21ee05521d784b79a96c764b05be4203,2018-02-07 09:14:11,264161.0,view_item,android,item_id,3234
892,dbc25f4c3c824d6c857cbab68eb21ed5,2015-03-20 04:23:39,60365.0,view_item,android,item_id,2290
893,cd9eb7477742430fb8c146eac73d3811,2015-03-19 16:25:39,60365.0,view_item,android,item_id,3701
894,30af8a42b70e400e82cc5e978b924ea5,2018-03-18 17:47:19,239934.0,view_item,web,item_id,1037
895,e2d118efb0004211a334b53f994eaf3e,2018-03-19 06:01:19,239934.0,view_item,web,item_id,665
896,5b67e9c9cb0b40ec920215bcbf14f0cb,2018-03-16 17:12:19,239934.0,view_item,web,item_id,1084
897,10ba775b44704bbda314e2ee39edabe5,2017-10-14 19:35:38,234720.0,view_item,web,item_id,810
898,0108b8c00fa64068985d5521ce938532,2017-10-15 00:45:38,234720.0,view_item,web,item_id,2725
899,fd4d5dfb8cd747aebe36cf125af9c766,2017-03-20 04:21:56,187041.0,view_item,mobile web,item_id,2618
900,2143df5950414c1b8c47200e23114eee,2017-03-21 03:10:56,187041.0,view_item,mobile web,item_id,1786
901,6c9c3a229e22465eaf20dbd0fad00160,2017-03-21 01:09:56,187041.0,view_item,mobile web,item_id,1375
902,c792c90bf8494426bcb8fba9327c30ff,2017-03-20 17:41:56,187041.0,view_item,mobile web,item_id,1903
903,95826cd31c0b4d689b50e6887f2a5712,2016-12-04 13:06:52,136256.0,view_item,web,item_id,3922
904,2cd346e21d894ac081e67afd1bf8a984,2016-12-05 13:56:52,136256.0,view_item,web,item_id,1590
905,ea2d685ceb394fe79f4b569805285f61,2016-12-06 16:51:52,136256.0,view_item,web,item_id,3099
906,c7f866ea247e4d86be985a21f92ca8ef,2016-12-06 20:50:52,136256.0,view_item,web,item_id,3287
907,6a38fe1dbf1841f1913c4bc6da1c9c66,2017-06-20 06:06:12,188409.0,view_item,mobile web,item_id,2000
908,e6aba8775d3f4669b853b19a245fdf87,2017-06-19 19:36:12,188409.0,view_item,mobile web,item_id,3864
909,9a07bb7b162a4a65bd15e326cb3f7d57,2017-06-17 19:06:12,188409.0,view_item,mobile web,item_id,3056
910,051eaac50b6b4eac82a7e92a9ca9cb3d,2017-06-20 04:01:12,188409.0,view_item,mobile web,item_id,1550
911,8af8f0f9786d4551a7e722ebd7f06a47,2015-12-26 00:48:17,76824.0,view_item,web,item_id,1098
912,1d5cbe2bc42747038eef73b3ebce6ca2,2015-12-25 05:42:17,76824.0,view_item,web,item_id,2853
913,9fb492c2d4024d70b30fa2921453076b,2015-07-02 12:24:44,62954.0,view_item,web,item_id,243
914,8cb7c58de2044e88b64d681b026526fe,2015-07-01 21:41:44,62954.0,view_item,web,item_id,881
915,43733fc1332c4a65874f79f3e237dcac,2015-07-02 08:07:44,62954.0,view_item,web,item_id,3504
916,b4cee6a44b1b482bb4b9161ee7e4fcf0,2015-07-03 10:08:44,62954.0,view_item,web,item_id,2348
917,230ef52cc166479f910b68f715ce3166,2017-04-15 07:04:22,160809.0,view_item,mobile web,item_id,1376
918,0ff026cf85044eeca9658640202f625d,2017-04-15 04:16:22,160809.0,view_item,mobile web,item_id,140
919,b3740c3933d142668ffacbb8b2f57d45,2017-04-13 01:37:22,160809.0,view_item,mobile web,item_id,1880
920,be0ce67869224574953fec6487fefa80,2017-04-15 02:32:22,160809.0,view_item,mobile web,item_id,375
921,2736d32bd0414fb18731827f01f46885,2016-04-05 23:35:35,117552.0,view_item,web,item_id,3109
922,ac2ed6a593524a37831c064eef0dba68,2016-04-04 23:26:35,117552.0,view_item,web,item_id,2920
923,2397ec769b9e419eb5292da54d96743e,2018-01-19 18:51:48,243790.0,view_item,iOS,item_id,3109
924,d17f8835048544d1a7b1793e483d7f78,2018-01-19 22:07:48,243790.0,view_item,iOS,item_id,3241
925,f8f1bbc9dbc04f8f81f68b037d80903a,2018-05-31 10:44:57,251744.0,view_item,web,item_id,336
926,5fa329d1a6f14dfb80995ce81a52355a,2018-05-29 10:54:57,251744.0,view_item,web,item_id,781
927,d67e661b2af04b0292a7bf24e857760c,2018-05-28 09:54:57,251744.0,view_item,web,item_id,1839
928,7ff8c4faf94040b1bbc1d1a91f0404ca,2018-05-30 23:40:57,251744.0,view_item,web,item_id,108
929,4ab232b66d084afba9667791f5186735,2017-02-23 11:25:31,169237.0,view_item,web,item_id,3825
930,36ec0223436e48a6bff51beb7f20d59a,2015-02-22 21:29:57,58098.0,view_item,web,item_id,263
931,86b9fdf72eca420fa473d423060e5b1b,2015-02-25 07:44:57,58098.0,view_item,web,item_id,3388
932,a9cca2622f9444b1b268da2aa466bcab,2015-02-25 00:22:57,58098.0,view_item,web,item_id,548
933,44802665b77c42f9907957e75bc20fd5,2015-02-22 21:18:57,58098.0,view_item,web,item_id,2446
934,d56416e5e2164155be38c51fee46dbe0,2016-03-15 05:30:34,98681.0,view_item,android,item_id,1953
935,dae320dba4394734832a23766189b146,2014-07-17 04:05:33,17332.0,view_item,iOS,item_id,3794
936,e44631b75ee64ae4a6c4f59ff264c0a3,2014-07-19 18:40:33,17332.0,view_item,iOS,item_id,1472
937,aa423341fb0f48a28f183fda1f30d980,2014-07-17 11:17:33,17332.0,view_item,iOS,item_id,3616
938,fa562fdf062442278a59db6e077c051b,2014-07-17 01:13:33,17332.0,view_item,iOS,item_id,2308
939,c157a0ac30e4437986bf44319c94e692,2014-04-04 16:46:12,11142.0,view_item,web,item_id,1401
940,5b9b2c6f32604bdc966ee64f4052ac09,2018-04-08 20:58:25,265353.0,view_item,mobile web,item_id,3146
941,5db69126856a42dd9d230e7f1c64892a,2018-04-10 23:35:25,265353.0,view_item,mobile web,item_id,2497
942,5a82aa283ab345dfb9f8709eda742fed,2018-04-09 11:01:25,265353.0,view_item,mobile web,item_id,2775
943,ba8f2c9dc95e4defb949195cb729763d,2017-12-21 19:42:31,220010.0,view_item,web,item_id,2349
944,4845b026619244028ac881463c1e2309,2017-12-19 09:55:31,220010.0,view_item,web,item_id,504
945,12fdd7b6c4b8431eba0696e2d6b99559,2017-12-20 11:41:31,220010.0,view_item,web,item_id,591
946,89ce7073976a4814adcf5348069d62e5,2017-09-04 23:53:49,220745.0,view_item,android,item_id,463
947,3edb2a80b3234aa7b05b099ee5b3a4b2,2018-04-08 17:44:37,241577.0,view_item,android,item_id,3219
948,c7e415dfda1740c6a7e7bd65fd53828c,2018-04-08 04:05:37,241577.0,view_item,android,item_id,3013
949,045aee707c484061b01b2cbf489e9c51,2014-12-28 06:43:40,46934.0,view_item,web,item_id,3124
950,dc7320ea5bcf4bb69aab2c0887975b00,2014-12-27 12:12:40,46934.0,view_item,web,item_id,1928
951,fb6f9af03dde4ede88e372f1e2beba89,2014-06-12 21:32:13,18703.0,view_item,web,item_id,2192
952,38003077217e49d3a9183868795d8343,2014-06-16 00:23:13,18703.0,view_item,web,item_id,1934
953,fcd2c2931f114852aea17bcab1beec4a,2014-06-14 13:01:13,18703.0,view_item,web,item_id,3464
954,afe4aa5c78aa41d389369036c32e667d,2017-09-05 18:11:17,231304.0,view_item,iOS,item_id,1676
955,4450a7057f4445778d6afb9a5d899c5c,2017-09-03 07:52:17,231304.0,view_item,iOS,item_id,2010
956,5c0a6d2aa6f446a086a12df7d9da3151,2017-09-03 18:11:17,231304.0,view_item,iOS,item_id,508
957,b9911907ae8b4c59b6a7cfe089a23e67,2017-09-03 21:42:17,231304.0,view_item,iOS,item_id,2167
958,83d22ab42cd94738a51cfe68e3905311,2015-05-12 22:45:48,62156.0,view_item,web,item_id,178
959,44c9357895994aa6bffbce95aa644e2e,2017-10-28 06:59:31,212782.0,view_item,iOS,item_id,2267
960,f9a693a38fd746a99dcc103c49f7767e,2017-10-30 15:28:31,212782.0,view_item,iOS,item_id,765
961,7af2a6a3a10e443a896305801765943a,2017-10-28 20:05:31,212782.0,view_item,iOS,item_id,445
962,8d799baeff024f23abc10131b0c48cfb,2013-12-08 19:30:42,8731.0,view_item,web,item_id,3903
963,4daeb0111d1745409517d959c9115da1,2016-02-24 21:40:27,83969.0,view_item,android,item_id,587
964,8f9158be003e4c59b094269d6fa6ab63,2016-09-27 12:54:32,124585.0,view_item,web,item_id,731
965,5b0c35171cc849ecafb3b2d3c86bc821,2016-09-26 06:59:32,124585.0,view_item,web,item_id,2993
966,257c33839b594c55b897fa1cdcf1cd3e,2016-09-28 06:41:32,124585.0,view_item,web,item_id,3471
967,1d811ba71fb94d449fca3937f979d2e2,2016-09-26 19:20:32,124585.0,view_item,web,item_id,93
968,fd54a5a5f09d48e0a018a6c498e839c3,2018-04-14 21:11:25,275529.0,view_item,mobile web,item_id,1582
969,f6fc8456f33c4924942856e32c65bb4d,2016-12-06 05:04:02,148149.0,view_item,mobile web,item_id,4
970,fc2250ef0da349b99dc95cbcaa784225,2017-09-17 12:29:24,191255.0,view_item,android,item_id,462
971,763e354e4c9c451596cc434d7469b5a2,2018-03-08 17:00:54,232709.0,view_item,android,item_id,2725
972,6cd415e237334084acad5d75e51beff7,2018-03-09 05:18:54,232709.0,view_item,android,item_id,1372
973,dac9020262154fdebc1e74dbf123be70,2017-09-05 11:59:59,196778.0,view_item,web,item_id,3495
974,c1002d8dd315451082a5793a38858f4c,2015-08-19 19:48:44,61868.0,view_item,web,item_id,3305
975,bc9d3ba9763145cd92f796781a6df855,2018-05-28 01:06:31,286183.0,view_item,web,item_id,488
976,d5f02bbe28e94964ac51e055095789fc,2018-04-22 04:27:44,279590.0,view_item,web,item_id,16
977,f5956634b79b42b585c1977d9ef85229,2018-05-27 06:29:00,267949.0,view_item,web,item_id,1871
978,8538f9004ce14c8b957531eba1edec29,2018-05-26 06:07:00,267949.0,view_item,web,item_id,1946
979,85a76b85fc6547798ed4009763360b26,2017-06-04 06:39:35,177425.0,view_item,android,item_id,1319
980,95e94dc5a84f45f6bc5455c622047a8f,2017-06-02 23:55:35,177425.0,view_item,android,item_id,2641
981,6a17849a37a64624abbaaa8fde5a7e5b,2017-06-03 08:55:35,177425.0,view_item,android,item_id,71
982,c51ca88f7ab649df91e22a7311382115,2017-06-04 16:07:35,177425.0,view_item,android,item_id,1121
983,9bed4baf16b64e95ba2de7aa1180e296,2014-06-06 09:40:26,24233.0,view_item,android,item_id,3501
984,17e08b5c737a4d5baf54cdf9cd9fa62f,2017-11-13 02:41:17,221599.0,view_item,web,item_id,2409
985,967d6bb34121420b862a275fc36b4dba,2016-01-14 05:27:02,107821.0,view_item,web,item_id,1663
986,f2d7d1222f424f69b8354da2eefc766e,2015-10-05 21:26:24,63660.0,view_item,web,item_id,3285
987,b67069a5365842bfa78faae9c62043ac,2015-10-07 12:20:24,63660.0,view_item,web,item_id,2978
988,261fc928787947a8969228c38c475b3f,2015-10-08 15:40:24,63660.0,view_item,web,item_id,2013
989,3368402880c843ce949c47c0de02d70c,2015-10-07 18:49:24,63660.0,view_item,web,item_id,2219
990,49f7c0d8192944e0b674db22435c2456,2017-06-18 07:30:25,175472.0,view_item,web,item_id,1505
991,9d3f6c702ce54800b99c4a3cb1f00f2d,2017-06-17 22:44:25,175472.0,view_item,web,item_id,3285
992,30cd64e52ab840ef82bac68526ee6051,2017-06-20 00:52:25,175472.0,view_item,web,item_id,1853
993,0669366eee714908b967309902cf0b37,2017-06-18 11:15:25,175472.0,view_item,web,item_id,430
994,381b43fc776647a0bb33693e5bc4c4d4,2016-10-04 16:16:51,119909.0,view_item,android,item_id,1240
995,73eca6e3d9eb4d0ead7eeb76e6525faa,2016-10-01 10:15:51,119909.0,view_item,android,item_id,3563
996,a8418cc9dd1c4764a8411e5e7b42a111,2016-10-03 14:07:51,119909.0,view_item,android,item_id,2630
997,e55dfd6c85d846fe8bd937476f7877e9,2016-07-08 05:29:43,110128.0,view_item,iOS,item_id,3084
998,a4f9574c14894c8d9732167760dab92d,2016-07-09 16:28:43,110128.0,view_item,iOS,item_id,2685
999,b5d4d3e429b441fab3868e2b1c6d6027,2016-07-07 12:50:43,110128.0,view_item,iOS,item_id,126
